Marke,Produkt,Preis,Vorheriger_Preis,Preis_kg,Hinweis,Einheit,Nur_online,Gueltig_raw,Gueltig_von,Gueltig_bis,Bildpfad
MILKA,Weihnachtsmann,1.29,2.99,1 kg = 13.58 - 21.15,-56%,je 61 - 95-g-Stück,Nein,Dieses Angebot findest du vom 27.11. bis 03.12. in deiner Kaufland-Filiale.,2025-11-27,2025-12-03,images_kaufland/kaufland_offer_01.jpg
BAHLSEN,Comtess Kuchen,1.49,3.19,1 kg = 4.26,-53%,je 350-g-Packg.,Nein,Dieses Angebot findest du vom 27.11. bis 03.12. in deiner Kaufland-Filiale.,2025-11-27,2025-12-03,images_kaufland/kaufland_offer_02.jpg
EHRMANN,Almighurt,1.11,2.39,1 kg = 2.22 - 2.37,-53%,je 470 - 500-g-Glas,Nein,Dieses Angebot findest du vom 01.12. bis 03.12. in deiner Kaufland-Filiale.,2025-12-01,2025-12-03,images_kaufland/kaufland_offer_03.jpg
BONBEL,Franz. Butterkäse,1.19,2.49,,-52%,je 100 g,Nein,Dieses Angebot findest du vom 01.12. bis 03.12. in deiner Kaufland-Filiale.,2025-12-01,2025-12-03,images_kaufland/kaufland_offer_04.jpg
DORITOS,Tortilla-Chips,0.99,1.99,1 kg = 9.00 - 9.90,-50%,je 100 - 110-g-Packg.,Nein,Dieses Angebot findest du vom 27.11. bis 03.12. in deiner Kaufland-Filiale.,2025-11-27,2025-12-03,images_kaufland/kaufland_offer_05.jpg
LANGNESE,Magnum,2.79,5.49,1 l = 4.65 - 4.81,-49%,je 6 St. = 580 - 600-ml-Packg.,Nein,Dieses Angebot findest du vom 01.12. bis 03.12. in deiner Kaufland-Filiale.,2025-12-01,2025-12-03,images_kaufland/kaufland_offer_06.jpg
PRÉSIDENT,Meersalz-Butter,2.49,4.79,1 kg = 9.96,-48%,je 250-g-Becher,Nein,Dieses Angebot findest du vom 27.11. bis 03.12. in deiner Kaufland-Filiale.,2025-11-27,2025-12-03,images_kaufland/kaufland_offer_07.jpg
MAYBACH,Qualitätswein oder Alkoholfrei,2.69,4.99,1 l = 3.59,-46%,"je 0,75-l-Fl.",Nein,Dieses Angebot findest du vom 01.12. bis 03.12. in deiner Kaufland-Filiale.,2025-12-01,2025-12-03,images_kaufland/kaufland_offer_08.jpg
JACOBS,Gold,5.99,10.99,1 kg = 29.95,-45%,je 200-g-Glas,Nein,Dieses Angebot findest du vom 01.12. bis 03.12. in deiner Kaufland-Filiale.,2025-12-01,2025-12-03,images_kaufland/kaufland_offer_09.jpg
,Dtsch. Zwiebeln,0.99,1.79,1 kg = 0.50,-44%,je 2-kg-Sack,Nein,Dieses Angebot findest du vom 27.11. bis 03.12. in deiner Kaufland-Filiale.,2025-11-27,2025-12-03,images_kaufland/kaufland_offer_10.jpg
FROSTA,Fertiggericht,2.79,4.79,1 kg = 5.58 - 6.20 / 1 kg = 4.78 - 5.32**,"-41%; 2.39€, mit Kaufland Card",je 450 - 500-g-Beutel,Nein,Dieses Angebot findest du vom 01.12. bis 03.12. in deiner Kaufland-Filiale.,2025-12-01,2025-12-03,images_kaufland/kaufland_offer_11.jpg
MELITTA,Kaffee,5.55,9.29,1 kg = 11.10,-40%,je 500-g-Packg.,Nein,Dieses Angebot findest du vom 27.11. bis 03.12. in deiner Kaufland-Filiale.,2025-11-27,2025-12-03,images_kaufland/kaufland_offer_12.jpg
MILKA,Choco oder Sensations,1.79,2.99,1 kg = 6.89 - 11.94,-40%,je 150 - 260-g-Packg.,Nein,Dieses Angebot findest du vom 27.11. bis 03.12. in deiner Kaufland-Filiale.,2025-11-27,2025-12-03,images_kaufland/kaufland_offer_13.jpg
,"Amerikan. Süßkartoffeln, lose",1.49,2.49,,-40%,je kg,Nein,Dieses Angebot findest du vom 01.12. bis 03.12. in deiner Kaufland-Filiale.,2025-12-01,2025-12-03,images_kaufland/kaufland_offer_14.jpg
,"Brasil./domenik. Mango, lose",1.49,2.49,,-40%,je Stück,Nein,Dieses Angebot findest du vom 27.11. bis 03.12. in deiner Kaufland-Filiale.,2025-11-27,2025-12-03,images_kaufland/kaufland_offer_15.jpg
MILKA,Weihnachts-Mischung,2.99,4.89,1 kg = 23.73,-38%,je 126-g-Beutel,Nein,Dieses Angebot findest du vom 01.12. bis 03.12. in deiner Kaufland-Filiale.,2025-12-01,2025-12-03,images_kaufland/kaufland_offer_16.jpg
FERRERO,Rocher,2.99,4.79,1 kg = 14.95,-37%,je 16 St. = 200-g-Packg.,Nein,Dieses Angebot findest du vom 27.11. bis 03.12. in deiner Kaufland-Filiale.,2025-11-27,2025-12-03,images_kaufland/kaufland_offer_17.jpg
FROSTA,Schlemmerfilet versch. Sorten,2.49,3.99,1 kg = 6.92 - 7.79,-37%,je 320 - 360-g-Packg.,Nein,Dieses Angebot findest du vom 01.12. bis 03.12. in deiner Kaufland-Filiale.,2025-12-01,2025-12-03,images_kaufland/kaufland_offer_18.jpg
METAXA,5-Stern,9.99,15.99,1 l = 14.28,-37%,"je 0,7-l-Fl.",Nein,Dieses Angebot findest du vom 01.12. bis 03.12. in deiner Kaufland-Filiale.,2025-12-01,2025-12-03,images_kaufland/kaufland_offer_19.jpg
ZEWA,Toilettenpapier Ultra Soft,2.89,4.65,,-37%,je Packg. = 8 x 150 Blatt,Nein,Dieses Angebot findest du vom 01.12. bis 03.12. in deiner Kaufland-Filiale.,2025-12-01,2025-12-03,images_kaufland/kaufland_offer_20.jpg
,Peruan. Kulturheidelbeeren,,,1 kg = 10.32**,"-27%; 1.29€, mit Kaufland Card",je 125-g-Schale,Nein,Dieses Angebot findest du vom 27.11. bis 03.12. in deiner Kaufland-Filiale.,2025-11-27,2025-12-03,images_kaufland/kaufland_offer_21.jpg
REINERT,Schinken-Nuggetz,,,1 kg = 18.60 / 1 kg = 11.94**,"-35%; 1.79€, mit Kaufland Card",je 3 x 50-g-Packg.,Nein,Dieses Angebot findest du vom 27.11. bis 03.12. in deiner Kaufland-Filiale.,2025-11-27,2025-12-03,images_kaufland/kaufland_offer_22.jpg
PHILADELPHIA,Frischkäsezubereitung,,,1 kg = 11.75 - 22.90 / 1 kg = 5.70 - 11.10**,"-51%; 1.11€, mit Kaufland Card",je 100 - 195-g-Packg.,Nein,Dieses Angebot findest du vom 27.11. bis 03.12. in deiner Kaufland-Filiale.,2025-11-27,2025-12-03,images_kaufland/kaufland_offer_23.jpg
DOVGAN,Taschki Teigtaschen,,,1 kg = 7.98 - 9.98 / 1 kg = 3.58 - 4.48**,"-55%; 1.79€, mit Kaufland Card",je 400 - 500-g-Packg.,Nein,Dieses Angebot findest du vom 27.11. bis 03.12. in deiner Kaufland-Filiale.,2025-11-27,2025-12-03,images_kaufland/kaufland_offer_24.jpg
COPPENRATH & WIESE,Sahne-Rolle Erdbeere,2.79,3.99,1 kg = 6.98 / 1 kg = 6.23**,"-30%; 2.49€, mit Kaufland Card",je 400-g-Packg.,Nein,Dieses Angebot findest du vom 27.11. bis 03.12. in deiner Kaufland-Filiale.,2025-11-27,2025-12-03,images_kaufland/kaufland_offer_25.jpg
KNACK & BACK,Brötchen zum Selberbacken,,,1 kg = 6.23 - 10.38 / 1 kg = 3.73 - 6.21**,"-40%; 1.49€, mit Kaufland Card",je 6 - 8 St. = 240 - 400-g-Dose,Nein,Dieses Angebot findest du vom 27.11. bis 03.12. in deiner Kaufland-Filiale.,2025-11-27,2025-12-03,images_kaufland/kaufland_offer_26.jpg
ORO DI PARMA,"Tomaten, Pizzasauce oder Tomatenmark",,,1 kg = 4.98 - 9.95 / 1 kg = 2.48 - 4.95**,"-50%; 0.99€, mit Kaufland Card",je 200-g-Tube oder 400-g-Dose,Nein,Dieses Angebot findest du vom 27.11. bis 03.12. in deiner Kaufland-Filiale.,2025-11-27,2025-12-03,images_kaufland/kaufland_offer_27.jpg
KÜHNE,Rotkohl oder Apfelrotkohl,,,Abtropfgewicht 650 g 1 kg = 3.22 / Abtropfgewicht 650 g 1 kg = 1.71**,"-46%; 1.11€, mit Kaufland Card",je 680-g-Glas,Nein,Dieses Angebot findest du vom 27.11. bis 03.12. in deiner Kaufland-Filiale.,2025-11-27,2025-12-03,images_kaufland/kaufland_offer_28.jpg
BARILLA,Pesto,1.99,,1 kg = 9.95 - 10.48 / 1 kg = 8.45 - 8.90**,"nur; 1.69€, mit Kaufland Card",je 190 - 200-g-Glas,Nein,Dieses Angebot findest du vom 27.11. bis 03.12. in deiner Kaufland-Filiale.,2025-11-27,2025-12-03,images_kaufland/kaufland_offer_29.jpg
ZENTIS,Fruchtaufstrich,,,1 kg = 8.66 / 1 kg = 4.31**,"-50%; 0.99€, mit Kaufland Card",je 230-g-Glas,Nein,Dieses Angebot findest du vom 27.11. bis 03.12. in deiner Kaufland-Filiale.,2025-11-27,2025-12-03,images_kaufland/kaufland_offer_30.jpg
NUTELLA,Nuss-Nugat-Creme,,,1 kg = 8.43 / 1 kg = 4.18**,"-50%; 1.88€, mit Kaufland Card",je 450-g-Glas,Nein,Dieses Angebot findest du vom 27.11. bis 03.12. in deiner Kaufland-Filiale.,2025-11-27,2025-12-03,images_kaufland/kaufland_offer_31.jpg
KNOPPERS,Milch-Nuss-Schnitte,,,1 kg = 12.45 / 1 kg = 7.45**,"-40%; 1.49€, mit Kaufland Card",je 8 St. = 200-g-Packg.,Nein,Dieses Angebot findest du vom 27.11. bis 03.12. in deiner Kaufland-Filiale.,2025-11-27,2025-12-03,images_kaufland/kaufland_offer_32.jpg
KINDER,Überraschung Weihnachtsanhänger,0.88,,1 kg = 44.00 / 1 kg = 33.00**,"nur; 0.66€, mit Kaufland Card",je 20-g-Stück,Nein,Dieses Angebot findest du vom 27.11. bis 03.12. in deiner Kaufland-Filiale.,2025-11-27,2025-12-03,images_kaufland/kaufland_offer_33.jpg
FERRERO,"Küsschen-, Mon-Chéri-, Raffaello- od. Rocher-Stern",2.22,2.69,1 kg = 52.86 - 63.43 / 1 kg = 47.39 - 56.86**,"-17%; 1.99€, mit Kaufland Card",je 35 - 42-g-Packg.,Nein,Dieses Angebot findest du vom 27.11. bis 03.12. in deiner Kaufland-Filiale.,2025-11-27,2025-12-03,images_kaufland/kaufland_offer_34.jpg
K-WINTER EDIION,Aachener Dominosteine,2.79,,1 kg = 11.16 / 1 kg = 9.96**,"nur; 2.49€, mit Kaufland Card",je 250-g-Packg.,Nein,Dieses Angebot findest du vom 27.11. bis 03.12. in deiner Kaufland-Filiale.,2025-11-27,2025-12-03,images_kaufland/kaufland_offer_35.jpg
WEISS,Weiche Lebkuchen,3.49,,1 kg = 6.98 / 1 kg = 5.98**,"nur; 2.99€, mit Kaufland Card",je 500-g-Packg.,Nein,Dieses Angebot findest du vom 27.11. bis 03.12. in deiner Kaufland-Filiale.,2025-11-27,2025-12-03,images_kaufland/kaufland_offer_36.jpg
VIVIL,Halsbonbons,,,1 kg = 15.75 / 1 kg = 9.25**,"-41%; 1.11€, mit Kaufland Card",je 120-g-Beutel,Nein,Dieses Angebot findest du vom 27.11. bis 03.12. in deiner Kaufland-Filiale.,2025-11-27,2025-12-03,images_kaufland/kaufland_offer_37.jpg
VALENSINA,Fruchtsaft,1.79,,1 l = 1.79 - 2.56 / 1 l = 1.49 - 2.13**,"nur; 1.49€, mit Kaufland Card","je 0,7 - 1-l-PET-Fl.",Nein,Dieses Angebot findest du vom 27.11. bis 03.12. in deiner Kaufland-Filiale.,2025-11-27,2025-12-03,images_kaufland/kaufland_offer_38.jpg
WATERDROP,Microdrink,5.99,7.49,1 kg = 249.59 / 1 kg = 207.92**,"-20%; 4.99€, mit Kaufland Card",je 12 St. = 24-g-Packg.,Nein,Dieses Angebot findest du vom 27.11. bis 03.12. in deiner Kaufland-Filiale.,2025-11-27,2025-12-03,images_kaufland/kaufland_offer_39.jpg
HAVANA CLUB,Original 3 Años o. Especial,,,1 l = 21.42 / 1 l = 14.28**,"-33%; 9.99€, mit Kaufland Card","je 0,7-l-Fl.",Nein,Dieses Angebot findest du vom 27.11. bis 03.12. in deiner Kaufland-Filiale.,2025-11-27,2025-12-03,images_kaufland/kaufland_offer_40.jpg
ROTWILD,Dornfelder oder Riesling,,,1 l = 5.32 / 1 l = 3.32**,"-37%; 2.49€, mit Kaufland Card","je 0,75-l-Fl.",Nein,Dieses Angebot findest du vom 27.11. bis 03.12. in deiner Kaufland-Filiale.,2025-11-27,2025-12-03,images_kaufland/kaufland_offer_41.jpg
RED BULL,Energy Drink oder Erfrischungsgetränk,0.85,,1 l = 2.58 - 3.40 / 1 l = 2.40 - 3.16**,"nur; 0.79€, mit Kaufland Card","je 0,25 - 0,33-l-Dose",Nein,Dieses Angebot findest du vom 27.11. bis 03.12. in deiner Kaufland-Filiale.,2025-11-27,2025-12-03,images_kaufland/kaufland_offer_42.jpg
WEISSER RIESE,Voll- oder Colorwaschmittel,"12.99
*",,pro Anwendung = 0.13 - 0.17 / pro Anwendung = 0.12 - 0.15**,"nur; 11.99
*€, mit Kaufland Card",je,Nein,Dieses Angebot findest du vom 27.11. bis 03.12. in deiner Kaufland-Filiale.,2025-11-27,2025-12-03,images_kaufland/kaufland_offer_43.jpg
TEMPO,Taschentücher,,,,"nur; 3.99
*€, mit Kaufland Card",je 42 x 10-St.-Packg.,Nein,Dieses Angebot findest du vom 27.11. bis 03.12. in deiner Kaufland-Filiale.,2025-11-27,2025-12-03,images_kaufland/kaufland_offer_44.jpg
SCHWARZKOPF,"Taft Haarlack, -spray oder Schaumfestiger",,,1 l = 15.80 - 26.34 / 1 l = 11.52 - 19.20**,"-27%; 2.88€, mit Kaufland Card",je 150 - 250-ml-Dose,Nein,Dieses Angebot findest du vom 27.11. bis 03.12. in deiner Kaufland-Filiale.,2025-11-27,2025-12-03,images_kaufland/kaufland_offer_45.jpg
TEFAL,Paninigerät/Kontaktgrill »Inicio GC241D«,39.99,,,"nur; 34.99€, mit Kaufland Card",je,Nein,Dieses Angebot findest du vom 27.11. bis 03.12. in deiner Kaufland-Filiale.,2025-11-27,2025-12-03,images_kaufland/kaufland_offer_46.jpg
CLEANMAXX,2-in-1-Akku-Handstaubsauger »15093«,,,,"-27%; 12.99€, mit Kaufland Card",je,Nein,Dieses Angebot findest du vom 27.11. bis 03.12. in deiner Kaufland-Filiale.,2025-11-27,2025-12-03,images_kaufland/kaufland_offer_47.jpg
VTECH,Kinder-Kamera »Kidizoom«,39.99,UVP69.99,,"-42%; 34.99€, mit Kaufland Card",je,Nein,Dieses Angebot findest du vom 27.11. bis 03.12. in deiner Kaufland-Filiale.,2025-11-27,2025-12-03,images_kaufland/kaufland_offer_48.jpg
LEIFHEIT,Fensterabzieher »Window Slider M«,5.99,UVP10.99,,"-45%; 5.09€, mit Kaufland Card",je,Nein,Dieses Angebot findest du vom 27.11. bis 03.12. in deiner Kaufland-Filiale.,2025-11-27,2025-12-03,images_kaufland/kaufland_offer_49.jpg
LEIFHEIT,Wand- und Deckenbesen »Dusty«,5.99,UVP10.99,,"-45%; 5.09€, mit Kaufland Card",je,Nein,Dieses Angebot findest du vom 27.11. bis 03.12. in deiner Kaufland-Filiale.,2025-11-27,2025-12-03,images_kaufland/kaufland_offer_50.jpg
LEIFHEIT,Teleskopstiel,5.99,UVP10.99,,"-45%; 5.09€, mit Kaufland Card",je,Nein,Dieses Angebot findest du vom 27.11. bis 03.12. in deiner Kaufland-Filiale.,2025-11-27,2025-12-03,images_kaufland/kaufland_offer_51.jpg
LEIFHEIT,Staubwedel »Duster XL«,5.99,UVP11.99,,"-50%; 5.09€, mit Kaufland Card",je,Nein,Dieses Angebot findest du vom 27.11. bis 03.12. in deiner Kaufland-Filiale.,2025-11-27,2025-12-03,images_kaufland/kaufland_offer_52.jpg
LEIFHEIT,Fliesenwischer »FlexiPad«,5.99,UVP11.99,,"-50%; 5.09€, mit Kaufland Card",je,Nein,Dieses Angebot findest du vom 27.11. bis 03.12. in deiner Kaufland-Filiale.,2025-11-27,2025-12-03,images_kaufland/kaufland_offer_53.jpg
RÜGENWALDER MÜHLE,Vegane Pfannen- oder Grillprodukte,2.49,3.29,1 kg = 9.96 - 13.84 / 1 kg = 8.88 - 12.34**,"-24%; 2.22€, mit Kaufland Card",je 180 - 250-g-Packg.,Nein,Dieses Angebot findest du vom 01.12. bis 03.12. in deiner Kaufland-Filiale.,2025-12-01,2025-12-03,images_kaufland/kaufland_offer_54.jpg
RÜCKER,Alt-Mecklenburger oder Alter Schwede,1.49,2.19,1 kg = 14.90 / 1 kg = 12.90**,"-31%; 1.29€, mit Kaufland Card",je 100-g-Packg.,Nein,Dieses Angebot findest du vom 01.12. bis 03.12. in deiner Kaufland-Filiale.,2025-12-01,2025-12-03,images_kaufland/kaufland_offer_56.jpg
FUNNY-FRISCH,Linsen- oder Popchips,1.49,,1 kg = 16.56 - 18.63 / 1 kg = 14.34 - 16.13**,"nur; 1.29€, mit Kaufland Card",je 80 - 90-g-Packg.,Nein,Dieses Angebot findest du vom 01.12. bis 03.12. in deiner Kaufland-Filiale.,2025-12-01,2025-12-03,images_kaufland/kaufland_offer_57.jpg
WC-FRISCH,Kraft Aktiv,3.79,,1 kg = 25.27 / 1 kg = 21.94**,"nur; 3.29€, mit Kaufland Card",je 3 St. = 150-g-Packg.,Nein,Dieses Angebot findest du vom 01.12. bis 03.12. in deiner Kaufland-Filiale.,2025-12-01,2025-12-03,images_kaufland/kaufland_offer_58.jpg
,Miniromatomaten XXL,"2.99
*",,,nur,je 1-kg-Karton,Nein,Dieses Angebot findest du vom 27.11. bis 03.12. in deiner Kaufland-Filiale.,2025-11-27,2025-12-03,images_kaufland/kaufland_offer_59.jpg
,Span. Orangen,"4.99
*",,1 kg = 0.74,nur,je Eimer,Nein,Dieses Angebot findest du vom 27.11. bis 03.12. in deiner Kaufland-Filiale.,2025-11-27,2025-12-03,images_kaufland/kaufland_offer_60.jpg
,Span. Clementinen,2.99,3.49,1 kg = 2.00,-14%,"je 1,5-kg-Packg.",Nein,Dieses Angebot findest du vom 27.11. bis 03.12. in deiner Kaufland-Filiale.,2025-11-27,2025-12-03,images_kaufland/kaufland_offer_61.jpg
,Span. Bio-Zitronen,"1.29
*",,1 kg = 2.58,nur,je 500-g-Netz,Nein,Dieses Angebot findest du vom 27.11. bis 03.12. in deiner Kaufland-Filiale.,2025-11-27,2025-12-03,images_kaufland/kaufland_offer_63.jpg
,Dtsch. Multicolor-Salat oder Kopfsalat,1.29,1.59,,-18%,je Stück,Nein,Dieses Angebot findest du vom 27.11. bis 03.12. in deiner Kaufland-Filiale.,2025-11-27,2025-12-03,images_kaufland/kaufland_offer_65.jpg
,Speisekartoffeln Linella,1.99,2.99,1 kg = 1.33,-33%,"je 1,5-kg-Packg.",Nein,Dieses Angebot findest du vom 27.11. bis 03.12. in deiner Kaufland-Filiale.,2025-11-27,2025-12-03,images_kaufland/kaufland_offer_66.jpg
,Marokk. Buschbohnen,1.99,2.99,1 kg = 3.98,-33%,je 500-g-Packg.,Nein,Dieses Angebot findest du vom 27.11. bis 03.12. in deiner Kaufland-Filiale.,2025-11-27,2025-12-03,images_kaufland/kaufland_offer_67.jpg
,Dtsch. Cocktailrispentomaten,2.49,2.99,1 kg = 7.12,-16%,je 350-g-Packg.,Nein,Dieses Angebot findest du vom 27.11. bis 03.12. in deiner Kaufland-Filiale.,2025-11-27,2025-12-03,images_kaufland/kaufland_offer_68.jpg
,Ital./span. Kräuter XXL,1.49,1.99,,-25%,je 75 - 200-g-Packg.,Nein,Dieses Angebot findest du vom 27.11. bis 03.12. in deiner Kaufland-Filiale.,2025-11-27,2025-12-03,images_kaufland/kaufland_offer_69.jpg
,Dtsch. Grünkohl,1.99,2.99,1 kg = 3.07,-33%,je 650-g-Packg.,Nein,Dieses Angebot findest du vom 27.11. bis 03.12. in deiner Kaufland-Filiale.,2025-11-27,2025-12-03,images_kaufland/kaufland_offer_70.jpg
,Span./ital. Bio-Blumenkohl,1.99,2.99,,-33%,je Stück,Nein,Dieses Angebot findest du vom 27.11. bis 03.12. in deiner Kaufland-Filiale.,2025-11-27,2025-12-03,images_kaufland/kaufland_offer_71.jpg
,Span./ital. Bio-Broccoli,1.49,1.99,1 kg = 4.26,-25%,je 350-g-Packg.,Nein,Dieses Angebot findest du vom 27.11. bis 03.12. in deiner Kaufland-Filiale.,2025-11-27,2025-12-03,images_kaufland/kaufland_offer_72.jpg
,Span. Bio-Rispentomaten,1.99,2.49,1 kg = 3.98,-20%,je 500-g-Packg.,Nein,Dieses Angebot findest du vom 27.11. bis 03.12. in deiner Kaufland-Filiale.,2025-11-27,2025-12-03,images_kaufland/kaufland_offer_73.jpg
,Chin. Bio-Ingwer,"1.29
*",,1 kg = 6.45,nur,je 200-g-Schale,Nein,Dieses Angebot findest du vom 27.11. bis 03.12. in deiner Kaufland-Filiale.,2025-11-27,2025-12-03,images_kaufland/kaufland_offer_74.jpg
,"Ital. Kohlrabi, lose",0.59,0.69,,-14%,je Stück,Nein,Dieses Angebot findest du vom 27.11. bis 03.12. in deiner Kaufland-Filiale.,2025-11-27,2025-12-03,images_kaufland/kaufland_offer_75.jpg
,Amerik./franz. Walnüsse XXL,4.99,5.99,,-16%,je 1-kg-Beutel,Nein,Dieses Angebot findest du vom 27.11. bis 03.12. in deiner Kaufland-Filiale.,2025-11-27,2025-12-03,images_kaufland/kaufland_offer_76.jpg
,Amerik. Erdnüsse,1.79,2.29,1 kg = 4.48,-21%,je 400-g-Packg.,Nein,Dieses Angebot findest du vom 27.11. bis 03.12. in deiner Kaufland-Filiale.,2025-11-27,2025-12-03,images_kaufland/kaufland_offer_77.jpg
,Geschenkstrauß Advent,"9.99
*",,,nur,je,Nein,Dieses Angebot findest du vom 27.11. bis 03.12. in deiner Kaufland-Filiale.,2025-11-27,2025-12-03,images_kaufland/kaufland_offer_78.jpg
,Amaryllis,"8.88
*",,,nur,je,Nein,Dieses Angebot findest du vom 27.11. bis 03.12. in deiner Kaufland-Filiale.,2025-11-27,2025-12-03,images_kaufland/kaufland_offer_79.jpg
,Chinesische Feige im Keramik-Übertopf,"10.99
*",,,nur,je,Nein,Dieses Angebot findest du vom 27.11. bis 03.12. in deiner Kaufland-Filiale.,2025-11-27,2025-12-03,images_kaufland/kaufland_offer_80.jpg
,Flamingoblume,"7.99
*",,,nur,je,Nein,Dieses Angebot findest du vom 27.11. bis 03.12. in deiner Kaufland-Filiale.,2025-11-27,2025-12-03,images_kaufland/kaufland_offer_81.jpg
,Hyazinthe im Keramik-Übertopf,"3.79
*",,,nur,je,Nein,Dieses Angebot findest du vom 27.11. bis 03.12. in deiner Kaufland-Filiale.,2025-11-27,2025-12-03,images_kaufland/kaufland_offer_82.jpg
,Orchidee im Keramik-Übertopf,"10.99
*",,,nur,je,Nein,Dieses Angebot findest du vom 27.11. bis 03.12. in deiner Kaufland-Filiale.,2025-11-27,2025-12-03,images_kaufland/kaufland_offer_83.jpg
,Mini-Weihnachtsstern im Keramik-Übertopf,"2.99
*",,,nur,je,Nein,Dieses Angebot findest du vom 27.11. bis 03.12. in deiner Kaufland-Filiale.,2025-11-27,2025-12-03,images_kaufland/kaufland_offer_86.jpg
,Mini Zauberstern im Keramik-Übertopf,"1.99
*",,,nur,je,Nein,Dieses Angebot findest du vom 27.11. bis 03.12. in deiner Kaufland-Filiale.,2025-11-27,2025-12-03,images_kaufland/kaufland_offer_87.jpg
,Rentier bepflanzt,"10.99
*",,,nur,je,Nein,Dieses Angebot findest du vom 27.11. bis 03.12. in deiner Kaufland-Filiale.,2025-11-27,2025-12-03,images_kaufland/kaufland_offer_88.jpg
,Schirmpalme,"7.99
*",,,nur,je,Nein,Dieses Angebot findest du vom 27.11. bis 03.12. in deiner Kaufland-Filiale.,2025-11-27,2025-12-03,images_kaufland/kaufland_offer_90.jpg
,"Ital./span.Tafeltrauben, hell",1.69,1.99,1 kg = 3.38,-15%,je 500-g-Packg.,Nein,Dieses Angebot findest du vom 27.11. bis 03.12. in deiner Kaufland-Filiale.,2025-11-27,2025-12-03,images_kaufland/kaufland_offer_92.jpg
,Dtsch. Speisekartoffeln,1.99,2.99,1 kg = 0.80,-33%,"je 2,5-kg-Sack",Nein,Dieses Angebot findest du vom 27.11. bis 03.12. in deiner Kaufland-Filiale.,2025-11-27,2025-12-03,images_kaufland/kaufland_offer_93.jpg
,VitaSafe »Ananas«,1.49,1.99,1 kg = 4.97,-25%,je 300-g-Becher,Nein,Dieses Angebot findest du vom 27.11. bis 03.12. in deiner Kaufland-Filiale.,2025-11-27,2025-12-03,images_kaufland/kaufland_offer_95.jpg
K-PURLAND,Grobe Bratwurst,2.19,2.89,1 kg = 5.48,-24%,je 5 St. = 400-g-Packg.,Nein,Dieses Angebot findest du vom 27.11. bis 03.12. in deiner Kaufland-Filiale.,2025-11-27,2025-12-03,images_kaufland/kaufland_offer_96.jpg
K-PURLAND,Schweinegulasch,3.29,4.19,1 kg = 6.58,-21%,je 500-g-Packg.,Nein,Dieses Angebot findest du vom 27.11. bis 03.12. in deiner Kaufland-Filiale.,2025-11-27,2025-12-03,images_kaufland/kaufland_offer_97.jpg
K-PURLAND,Schweinerücken,5.49,8.59,,-36%,je kg,Nein,Dieses Angebot findest du vom 27.11. bis 03.12. in deiner Kaufland-Filiale.,2025-11-27,2025-12-03,images_kaufland/kaufland_offer_98.jpg
K-PURLAND,Kasseler Nussschinken,7.29,10.99,,-33%,je kg,Nein,Dieses Angebot findest du vom 27.11. bis 03.12. in deiner Kaufland-Filiale.,2025-11-27,2025-12-03,images_kaufland/kaufland_offer_99.jpg
K-PURLAND,"Gourmetbraten vom Schwein, gefüllt und gewürzt","8.39
*",,,nur,je kg,Nein,Dieses Angebot findest du vom 27.11. bis 03.12. in deiner Kaufland-Filiale.,2025-11-27,2025-12-03,images_kaufland/kaufland_offer_100.jpg
K-PURLAND,Schweinenacken/-kamm XXL ohne Knochen,5.99,8.99,entspr. z. B. für eine 2-kg-Packg. 11.98,-33%,je kg,Nein,Dieses Angebot findest du vom 27.11. bis 03.12. in deiner Kaufland-Filiale.,2025-11-27,2025-12-03,images_kaufland/kaufland_offer_101.jpg
K-PURLAND,Schweinefilet am Stück,8.49,,,nur,je kg,Nein,Dieses Angebot findest du vom 27.11. bis 03.12. in deiner Kaufland-Filiale.,2025-11-27,2025-12-03,images_kaufland/kaufland_offer_102.jpg
K-PURLAND,Beef Brisket,13.99,15.99,"entspr. z. B. für eine 1,3-kg-Packg. 18.19",-12%,je kg,Nein,Dieses Angebot findest du vom 27.11. bis 03.12. in deiner Kaufland-Filiale.,2025-11-27,2025-12-03,images_kaufland/kaufland_offer_103.jpg
K-PURLAND,Entrecôte,"19.99
*",,,nur,je kg,Nein,Dieses Angebot findest du vom 27.11. bis 03.12. in deiner Kaufland-Filiale.,2025-11-27,2025-12-03,images_kaufland/kaufland_offer_104.jpg
K-PURLAND,Burgunder-Braten,"15.99
*",,,nur,je kg,Nein,Dieses Angebot findest du vom 27.11. bis 03.12. in deiner Kaufland-Filiale.,2025-11-27,2025-12-03,images_kaufland/kaufland_offer_105.jpg
K-PURLAND,Rinderschmorbraten aus der Keule vom Jungbullen,15.99,18.99,,-15%,je kg,Nein,Dieses Angebot findest du vom 27.11. bis 03.12. in deiner Kaufland-Filiale.,2025-11-27,2025-12-03,images_kaufland/kaufland_offer_106.jpg
K-PURLAND,Rinderhackfleisch,5.49,,1 kg = 10.98,nur,je 500-g-Packg.,Nein,Dieses Angebot findest du vom 27.11. bis 03.12. in deiner Kaufland-Filiale.,2025-11-27,2025-12-03,images_kaufland/kaufland_offer_107.jpg
K-PURLAND,Roastbeef vom Jungbullen,"19.98
*",,entspr. z. B. für eine 900-g-Packg. 17.99,nur,je kg,Nein,Dieses Angebot findest du vom 27.11. bis 03.12. in deiner Kaufland-Filiale.,2025-11-27,2025-12-03,images_kaufland/kaufland_offer_108.jpg
K-PURLAND,Hähnchen-Unterschenkel XXL,4.39,5.69,,-22%,je 1-kg-Großpackg.,Nein,Dieses Angebot findest du vom 27.11. bis 03.12. in deiner Kaufland-Filiale.,2025-11-27,2025-12-03,images_kaufland/kaufland_offer_109.jpg
K-PURLAND,Hähnchen-Minutenschnitzel,3.99,4.99,1 kg = 9.98,-20%,je 400-g-Packg.,Nein,Dieses Angebot findest du vom 27.11. bis 03.12. in deiner Kaufland-Filiale.,2025-11-27,2025-12-03,images_kaufland/kaufland_offer_110.jpg
K-PURLAND,Puten-Hackfleisch,1.99,,1 kg = 4.98,nur,je 400-g-Packg.,Nein,Dieses Angebot findest du vom 27.11. bis 03.12. in deiner Kaufland-Filiale.,2025-11-27,2025-12-03,images_kaufland/kaufland_offer_111.jpg
,Frische poln. Hafermastgans,"8.99
*",,"entspr. z. B. für ein 4,8-kg-Stück 43.16",nur,je kg,Nein,Dieses Angebot findest du vom 27.11. bis 03.12. in deiner Kaufland-Filiale.,2025-11-27,2025-12-03,images_kaufland/kaufland_offer_112.jpg
METZGERLAND,Hirschrollbraten,"16.99
*",,,nur,je kg,Nein,Dieses Angebot findest du vom 27.11. bis 03.12. in deiner Kaufland-Filiale.,2025-11-27,2025-12-03,images_kaufland/kaufland_offer_113.jpg
ZIMMERMANN,Münchner Weißwürste,2.69,,1 kg = 8.97,nur,je 5 St. = 300-g-Packg.,Nein,Dieses Angebot findest du vom 27.11. bis 03.12. in deiner Kaufland-Filiale.,2025-11-27,2025-12-03,images_kaufland/kaufland_offer_114.jpg
RÜGENWALDER MÜHLE,Mühlen-Schinken,1.99,2.49,1 kg = 19.90,-20%,je 100-g-Packg.,Nein,Dieses Angebot findest du vom 27.11. bis 03.12. in deiner Kaufland-Filiale.,2025-11-27,2025-12-03,images_kaufland/kaufland_offer_115.jpg
BÖHNLEIN,Fränk. Kellerplatte,2.99,3.79,1 kg = 10.88,-21%,je 275-g-Packg.,Nein,Dieses Angebot findest du vom 27.11. bis 03.12. in deiner Kaufland-Filiale.,2025-11-27,2025-12-03,images_kaufland/kaufland_offer_116.jpg
K-CLASSIC,Rohschinken-Würfel,1.99,,1 kg = 7.96 - 13.27,nur,je 2 x 75 - 125-g-Packg.,Nein,Dieses Angebot findest du vom 27.11. bis 03.12. in deiner Kaufland-Filiale.,2025-11-27,2025-12-03,images_kaufland/kaufland_offer_117.jpg
WIESBAUER,Sonntagsaufschnitt,2.79,,1 kg = 13.95,nur,je 200-g-Packg.,Nein,Dieses Angebot findest du vom 27.11. bis 03.12. in deiner Kaufland-Filiale.,2025-11-27,2025-12-03,images_kaufland/kaufland_offer_119.jpg
SNACK IT,Kabanossi,1.25,,1 kg = 10.42,nur,je 120-g-Packg.,Nein,Dieses Angebot findest du vom 27.11. bis 03.12. in deiner Kaufland-Filiale.,2025-11-27,2025-12-03,images_kaufland/kaufland_offer_120.jpg
Aus eigener Herstellung,Frischwurst-Aufschnitt,0.99,1.59,,-37%,je 100 g,Nein,Dieses Angebot findest du vom 27.11. bis 03.12. in deiner Kaufland-Filiale.,2025-11-27,2025-12-03,images_kaufland/kaufland_offer_121.jpg
BÖHNLEIN,Gelbwurst,1.19,1.49,,-20%,je 100 g,Nein,Dieses Angebot findest du vom 27.11. bis 03.12. in deiner Kaufland-Filiale.,2025-11-27,2025-12-03,images_kaufland/kaufland_offer_122.jpg
Aus eigener Herstellung,Delikatess-Fleischkäse,0.99,1.39,,-28%,je 100 g,Nein,Dieses Angebot findest du vom 27.11. bis 03.12. in deiner Kaufland-Filiale.,2025-11-27,2025-12-03,images_kaufland/kaufland_offer_123.jpg
ZIMMERMANN,Adventsschinken,1.29,1.99,,-35%,je 100 g,Nein,Dieses Angebot findest du vom 27.11. bis 03.12. in deiner Kaufland-Filiale.,2025-11-27,2025-12-03,images_kaufland/kaufland_offer_124.jpg
,Jamón Serrano,1.99,2.99,,-33%,je 100 g,Nein,Dieses Angebot findest du vom 27.11. bis 03.12. in deiner Kaufland-Filiale.,2025-11-27,2025-12-03,images_kaufland/kaufland_offer_125.jpg
KLÜMPER,Gewürz- oder Knoblauchschinken,"1.99
*",,,nur,je 100 g,Nein,Dieses Angebot findest du vom 27.11. bis 03.12. in deiner Kaufland-Filiale.,2025-11-27,2025-12-03,images_kaufland/kaufland_offer_126.jpg
SCHULTE,Sportler-Salami,1.49,,,nur,je 100 g,Nein,Dieses Angebot findest du vom 27.11. bis 03.12. in deiner Kaufland-Filiale.,2025-11-27,2025-12-03,images_kaufland/kaufland_offer_127.jpg
K-BLUE BAY,Rotbarschfilet,"17.90
*",,entspr. z. B. für eine 250-g-Packg. 4.48,nur,je kg,Nein,Dieses Angebot findest du vom 27.11. bis 03.12. in deiner Kaufland-Filiale.,2025-11-27,2025-12-03,images_kaufland/kaufland_offer_128.jpg
,Heringsfilets,"8.99
*",,entspr. z. B. für eine 250-g-Packg. 2.25,nur,je kg,Nein,Dieses Angebot findest du vom 27.11. bis 03.12. in deiner Kaufland-Filiale.,2025-11-27,2025-12-03,images_kaufland/kaufland_offer_129.jpg
,Seelachsfilet,1.39,,,nur,je 100 g,Nein,Dieses Angebot findest du vom 27.11. bis 03.12. in deiner Kaufland-Filiale.,2025-11-27,2025-12-03,images_kaufland/kaufland_offer_130.jpg
,Thunfischfilet,3.99,,,nur,je 100 g,Nein,Dieses Angebot findest du vom 27.11. bis 03.12. in deiner Kaufland-Filiale.,2025-11-27,2025-12-03,images_kaufland/kaufland_offer_131.jpg
,Dorade Royal,1.59,1.99,,-20%,je 100 g,Nein,Dieses Angebot findest du vom 27.11. bis 03.12. in deiner Kaufland-Filiale.,2025-11-27,2025-12-03,images_kaufland/kaufland_offer_132.jpg
,Smoky-Rauchmatjesfilet,1.39,1.79,,-22%,je 100 g,Nein,Dieses Angebot findest du vom 27.11. bis 03.12. in deiner Kaufland-Filiale.,2025-11-27,2025-12-03,images_kaufland/kaufland_offer_133.jpg
DANONE,Activia,1.49,2.79,1 kg = 3.24,-46%,je 4 x 115-g-Becher,Nein,Dieses Angebot findest du vom 27.11. bis 03.12. in deiner Kaufland-Filiale.,2025-11-27,2025-12-03,images_kaufland/kaufland_offer_134.jpg
MÜLLER,Froop,0.49,,1 kg = 3.27,nur,je 150-g-Becher,Nein,Dieses Angebot findest du vom 27.11. bis 03.12. in deiner Kaufland-Filiale.,2025-11-27,2025-12-03,images_kaufland/kaufland_offer_135.jpg
LANDLIEBE,Pudding,0.49,,1 kg = 2.18 - 3.27,nur,je 150 - 225-g-Becher,Nein,Dieses Angebot findest du vom 27.11. bis 03.12. in deiner Kaufland-Filiale.,2025-11-27,2025-12-03,images_kaufland/kaufland_offer_136.jpg
KIDSWORLD,Puddingdessert,0.69,,1 kg = 9.86,nur,je 70-g-Stück,Nein,Dieses Angebot findest du vom 27.11. bis 03.12. in deiner Kaufland-Filiale.,2025-11-27,2025-12-03,images_kaufland/kaufland_offer_137.jpg
NESTLÉ,Mousse,1.99,2.79,1 kg = 8.44 - 8.73,-28%,je 4 x 57 - 59-g-Becher,Nein,Dieses Angebot findest du vom 27.11. bis 03.12. in deiner Kaufland-Filiale.,2025-11-27,2025-12-03,images_kaufland/kaufland_offer_138.jpg
KINDER,Choco fresh oder Paradiso,1.29,,1 kg = 11.13 - 12.59,nur,"je 4 - 5 St. = 102,5 - 116-g-Packg.",Nein,Dieses Angebot findest du vom 27.11. bis 03.12. in deiner Kaufland-Filiale.,2025-11-27,2025-12-03,images_kaufland/kaufland_offer_139.jpg
EHRMANN,Dessert,0.44,,1 kg = 3.83,nur,je 115-g-Becher,Nein,Dieses Angebot findest du vom 27.11. bis 03.12. in deiner Kaufland-Filiale.,2025-11-27,2025-12-03,images_kaufland/kaufland_offer_141.jpg
BERCHTESGADENER LAND,Haltbare Berg- & Alpenmilch,1.11,1.49,,-25%,je 1-l-Packg.,Nein,Dieses Angebot findest du vom 27.11. bis 03.12. in deiner Kaufland-Filiale.,2025-11-27,2025-12-03,images_kaufland/kaufland_offer_142.jpg
ALPRO,Not M*LK,1.49,1.99,,-25%,je 1-l-Packg.,Nein,Dieses Angebot findest du vom 27.11. bis 03.12. in deiner Kaufland-Filiale.,2025-11-27,2025-12-03,images_kaufland/kaufland_offer_143.jpg
SAINT ALBRAY oder ST. AGUR,Weich- oder Schnittkäse,2.22,,1 kg = 12.34 - 17.76,nur,je 125 - 180-g-Packg.,Nein,Dieses Angebot findest du vom 27.11. bis 03.12. in deiner Kaufland-Filiale.,2025-11-27,2025-12-03,images_kaufland/kaufland_offer_144.jpg
GRECO,Feta g. U.,1.99,2.99,1 kg = 13.27,-33%,je 150-g-Packg.,Nein,Dieses Angebot findest du vom 27.11. bis 03.12. in deiner Kaufland-Filiale.,2025-11-27,2025-12-03,images_kaufland/kaufland_offer_145.jpg
ALPENHAIN,Back-Camembert,2.79,3.79,1 kg = 13.95,-26%,je 200-g-Packg.,Nein,Dieses Angebot findest du vom 27.11. bis 03.12. in deiner Kaufland-Filiale.,2025-11-27,2025-12-03,images_kaufland/kaufland_offer_146.jpg
EMMI,Raclette Classic,2.99,3.99,1 kg = 14.95,-25%,je 200-g-Packg.,Nein,Dieses Angebot findest du vom 27.11. bis 03.12. in deiner Kaufland-Filiale.,2025-11-27,2025-12-03,images_kaufland/kaufland_offer_147.jpg
KERRYGOLD,Cheddar,1.39,,1 kg = 10.70,nur,je 130-g-Packg.,Nein,Dieses Angebot findest du vom 27.11. bis 03.12. in deiner Kaufland-Filiale.,2025-11-27,2025-12-03,images_kaufland/kaufland_offer_148.jpg
MILRAM,Reibekäse oder vegane Raspel,1.49,,1 kg = 9.94,nur,je 150-g-Packg.,Nein,Dieses Angebot findest du vom 27.11. bis 03.12. in deiner Kaufland-Filiale.,2025-11-27,2025-12-03,images_kaufland/kaufland_offer_149.jpg
BRUNCH,Brotaufstrich,1.19,1.99,1 kg = 6.44,-40%,je 185-g-Becher,Nein,Dieses Angebot findest du vom 27.11. bis 03.12. in deiner Kaufland-Filiale.,2025-11-27,2025-12-03,images_kaufland/kaufland_offer_151.jpg
GÉRAMONT,Frisch & Pur,"1.59
*",,1 kg = 11.36,nur,je 140-g-Packg.,Nein,Dieses Angebot findest du vom 27.11. bis 03.12. in deiner Kaufland-Filiale.,2025-11-27,2025-12-03,images_kaufland/kaufland_offer_152.jpg
RAMA,Bratcreme,1.49,2.19,1 l = 2.98 - 3.73,-31%,je 400 - 500-ml-Fl.,Nein,Dieses Angebot findest du vom 27.11. bis 03.12. in deiner Kaufland-Filiale.,2025-11-27,2025-12-03,images_kaufland/kaufland_offer_153.jpg
LANDANA,Gouda mild,0.99,1.39,,-28%,je 100 g,Nein,Dieses Angebot findest du vom 27.11. bis 03.12. in deiner Kaufland-Filiale.,2025-11-27,2025-12-03,images_kaufland/kaufland_offer_154.jpg
SWITZERLAND,Appenzeller Extra-Würzig,2.22,,,nur,je 100 g,Nein,Dieses Angebot findest du vom 27.11. bis 03.12. in deiner Kaufland-Filiale.,2025-11-27,2025-12-03,images_kaufland/kaufland_offer_155.jpg
,Schweizer Emmentaler AOP,1.99,,,nur,je 100 g,Nein,Dieses Angebot findest du vom 27.11. bis 03.12. in deiner Kaufland-Filiale.,2025-11-27,2025-12-03,images_kaufland/kaufland_offer_156.jpg
,Parmigiano Reggiano DOP,2.79,3.79,,-26%,je 100 g,Nein,Dieses Angebot findest du vom 27.11. bis 03.12. in deiner Kaufland-Filiale.,2025-11-27,2025-12-03,images_kaufland/kaufland_offer_157.jpg
FRIENDS OF ASIA,Frozen Dessert,2.99,,1 l = 33.23,nur,je 90-ml-Packg.,Nein,Dieses Angebot findest du vom 27.11. bis 03.12. in deiner Kaufland-Filiale.,2025-11-27,2025-12-03,images_kaufland/kaufland_offer_158.jpg
,Poln. Gänsebrust,13.33,,entspr. z. B. für eine 700-g-Packg. 9.34,nur,je kg,Nein,Dieses Angebot findest du vom 27.11. bis 03.12. in deiner Kaufland-Filiale.,2025-11-27,2025-12-03,images_kaufland/kaufland_offer_160.jpg
DR. OETKER,Die Ofenfrische oder Pizza Tradizionale,1.88,,1 kg = 4.53 - 4.89,nur,je 385 - 415-g-Packg.,Nein,Dieses Angebot findest du vom 27.11. bis 03.12. in deiner Kaufland-Filiale.,2025-11-27,2025-12-03,images_kaufland/kaufland_offer_161.jpg
ORIGINAL WAGNER,Rustipani Ofenbrot oder Airfryer Snack,1.79,2.19,1 kg = 9.18 - 10.53,-18%,je 170 - 195-g-Packg.,Nein,Dieses Angebot findest du vom 27.11. bis 03.12. in deiner Kaufland-Filiale.,2025-11-27,2025-12-03,images_kaufland/kaufland_offer_162.jpg
WEIDA,Neuseel. Lammkeule,12.99,17.99,"entspr. z. B. für ein 1,25-kg-Stück 16.24",-27%,je kg,Nein,Dieses Angebot findest du vom 27.11. bis 03.12. in deiner Kaufland-Filiale.,2025-11-27,2025-12-03,images_kaufland/kaufland_offer_164.jpg
BREFOOD,Ganzes Kaninchen,6.99,,"entspr. z. B. für ein 1,2-kg-Stück 8.39",nur,je kg,Nein,Dieses Angebot findest du vom 27.11. bis 03.12. in deiner Kaufland-Filiale.,2025-11-27,2025-12-03,images_kaufland/kaufland_offer_165.jpg
BÜRGER,Teigwaren,1.79,2.29,1 kg = 4.48,-21%,je 400-g-Packg.,Nein,Dieses Angebot findest du vom 27.11. bis 03.12. in deiner Kaufland-Filiale.,2025-11-27,2025-12-03,images_kaufland/kaufland_offer_166.jpg
SCHMITT'S,Qualitätskloßteig,1.59,2.09,1 kg = 2.12,-23%,je 750-g-Beutel,Nein,Dieses Angebot findest du vom 27.11. bis 03.12. in deiner Kaufland-Filiale.,2025-11-27,2025-12-03,images_kaufland/kaufland_offer_168.jpg
BÖHNLEIN,Wirsing,3.69,,1 kg = 7.38,nur,je 500-g-Rolle,Nein,Dieses Angebot findest du vom 27.11. bis 03.12. in deiner Kaufland-Filiale.,2025-11-27,2025-12-03,images_kaufland/kaufland_offer_169.jpg
CAMPO VERDE,Demeter Gemüsekonserven,1.49,1.99,1 kg = 4.26 - 6.93,-25%,je 350-g-Glas,Nein,Dieses Angebot findest du vom 27.11. bis 03.12. in deiner Kaufland-Filiale.,2025-11-27,2025-12-03,images_kaufland/kaufland_offer_172.jpg
APPEL,Bratheringe,1.89,2.99,Abtropfgewicht 200 g 1 kg = 9.45,-36%,je 325-g-Dose,Nein,Dieses Angebot findest du vom 27.11. bis 03.12. in deiner Kaufland-Filiale.,2025-11-27,2025-12-03,images_kaufland/kaufland_offer_173.jpg
K-CLASSIC,Party-Gurken,0.99,1.29,Abtropfgewicht 290 g 1 kg = 3.42,-23%,je 530-g-Glas,Nein,Dieses Angebot findest du vom 27.11. bis 03.12. in deiner Kaufland-Filiale.,2025-11-27,2025-12-03,images_kaufland/kaufland_offer_174.jpg
HÄNDLMAIER,Bayerischer Senf,1.49,,1 l = 4.45,nur,je 335-ml-Glas,Nein,Dieses Angebot findest du vom 27.11. bis 03.12. in deiner Kaufland-Filiale.,2025-11-27,2025-12-03,images_kaufland/kaufland_offer_176.jpg
KÜHNE,Grillsauce,1.11,,1 l = 4.44,nur,je 250-ml-Fl.,Nein,Dieses Angebot findest du vom 27.11. bis 03.12. in deiner Kaufland-Filiale.,2025-11-27,2025-12-03,images_kaufland/kaufland_offer_177.jpg
GIUSEPPE CREMONINI,Balsamico Creme Classic,2.99,4.49,1 l = 11.96,-33%,je 250-ml-Fl.,Nein,Dieses Angebot findest du vom 27.11. bis 03.12. in deiner Kaufland-Filiale.,2025-11-27,2025-12-03,images_kaufland/kaufland_offer_178.jpg
K-CLASSIC,Rapsöl,1.29,1.49,,-13%,je 1-l-Fl.,Nein,Dieses Angebot findest du vom 27.11. bis 03.12. in deiner Kaufland-Filiale.,2025-11-27,2025-12-03,images_kaufland/kaufland_offer_179.jpg
DELOS,Griech. Olivenöl,6.66,9.99,1 l = 13.32,-33%,je 500-ml-Fl.,Nein,Dieses Angebot findest du vom 27.11. bis 03.12. in deiner Kaufland-Filiale.,2025-11-27,2025-12-03,images_kaufland/kaufland_offer_180.jpg
,Grüne Peperoni,0.99,,,nur,je 100 g,Nein,Dieses Angebot findest du vom 27.11. bis 03.12. in deiner Kaufland-Filiale.,2025-11-27,2025-12-03,images_kaufland/kaufland_offer_181.jpg
,Weinblätter,0.99,,,nur,je 100 g,Nein,Dieses Angebot findest du vom 27.11. bis 03.12. in deiner Kaufland-Filiale.,2025-11-27,2025-12-03,images_kaufland/kaufland_offer_182.jpg
,Pizzaschnecke mit Pilzen,"0.99
*",,,nur,je Stück,Nein,Dieses Angebot findest du vom 27.11. bis 03.12. in deiner Kaufland-Filiale.,2025-11-27,2025-12-03,images_kaufland/kaufland_offer_183.jpg
,Wienerle-Croissant,0.79,0.99,,-20%,je Stück,Nein,Dieses Angebot findest du vom 27.11. bis 03.12. in deiner Kaufland-Filiale.,2025-11-27,2025-12-03,images_kaufland/kaufland_offer_184.jpg
,Buttercroissant,0.39,0.49,,-20%,je Stück,Nein,Dieses Angebot findest du vom 27.11. bis 03.12. in deiner Kaufland-Filiale.,2025-11-27,2025-12-03,images_kaufland/kaufland_offer_185.jpg
,Spekulatius-Berliner,"0.69
*",,,nur,je Stück,Nein,Dieses Angebot findest du vom 27.11. bis 03.12. in deiner Kaufland-Filiale.,2025-11-27,2025-12-03,images_kaufland/kaufland_offer_186.jpg
,Laugenbaguette,0.99,1.29,1 kg = 3.81,-23%,je Stück,Nein,Dieses Angebot findest du vom 27.11. bis 03.12. in deiner Kaufland-Filiale.,2025-11-27,2025-12-03,images_kaufland/kaufland_offer_187.jpg
,Krustenbrot,1.29,,,nur,je 1-kg-Stück,Nein,Dieses Angebot findest du vom 27.11. bis 03.12. in deiner Kaufland-Filiale.,2025-11-27,2025-12-03,images_kaufland/kaufland_offer_188.jpg
,Chia-Skyr-Brötchen,0.29,,,nur,je Stück,Nein,Dieses Angebot findest du vom 27.11. bis 03.12. in deiner Kaufland-Filiale.,2025-11-27,2025-12-03,images_kaufland/kaufland_offer_189.jpg
,Rosenbrötchen,0.29,,,nur,je Stück,Nein,Dieses Angebot findest du vom 27.11. bis 03.12. in deiner Kaufland-Filiale.,2025-11-27,2025-12-03,images_kaufland/kaufland_offer_190.jpg
HARRY,1688 Steinofenbrot,1.39,1.89,1 kg = 2.78,-26%,je 500-g-Packg.,Nein,Dieses Angebot findest du vom 27.11. bis 03.12. in deiner Kaufland-Filiale.,2025-11-27,2025-12-03,images_kaufland/kaufland_offer_191.jpg
WASA,Tasty Snacks,1.99,,1 kg = 8.47 - 10.48,nur,je 190 - 235-g-Packg.,Nein,Dieses Angebot findest du vom 27.11. bis 03.12. in deiner Kaufland-Filiale.,2025-11-27,2025-12-03,images_kaufland/kaufland_offer_192.jpg
BRANDT,Der Markenzwieback,1.69,2.09,1 kg = 5.00,-19%,je 3 x 12 Scheiben = 338-g-Packg.,Nein,Dieses Angebot findest du vom 27.11. bis 03.12. in deiner Kaufland-Filiale.,2025-11-27,2025-12-03,images_kaufland/kaufland_offer_193.jpg
HARRY,Toast,1.49,,1 kg = 2.98,nur,je 500-g-Packg.,Nein,Dieses Angebot findest du vom 27.11. bis 03.12. in deiner Kaufland-Filiale.,2025-11-27,2025-12-03,images_kaufland/kaufland_offer_194.jpg
KUCHENMEISTER,»Stranger Things« Demo Cakes,"2.49
*",,1 kg = 24.90,nur,je 2 St. = 100-g-Packg.,Nein,Dieses Angebot findest du vom 27.11. bis 03.12. in deiner Kaufland-Filiale.,2025-11-27,2025-12-03,images_kaufland/kaufland_offer_195.jpg
MILKA,Tender,1.99,3.19,1 kg = 10.76,-37%,je 5 St. = 185-g-Packg.,Nein,Dieses Angebot findest du vom 27.11. bis 03.12. in deiner Kaufland-Filiale.,2025-11-27,2025-12-03,images_kaufland/kaufland_offer_197.jpg
LAMBERTZ,Baumkuchen,3.99,,1 kg = 13.30,nur,je 300-g-Packg.,Nein,Dieses Angebot findest du vom 27.11. bis 03.12. in deiner Kaufland-Filiale.,2025-11-27,2025-12-03,images_kaufland/kaufland_offer_198.jpg
KUCHENMEISTER,Zimtstollen,"1.49
*",,1 kg = 7.45,nur,je 200-g-Packg.,Nein,Dieses Angebot findest du vom 27.11. bis 03.12. in deiner Kaufland-Filiale.,2025-11-27,2025-12-03,images_kaufland/kaufland_offer_199.jpg
REEVA,Instant-Nudeln,0.39,0.55,1 kg = 6.50,-29%,je 60-g-Beutel,Nein,Dieses Angebot findest du vom 27.11. bis 03.12. in deiner Kaufland-Filiale.,2025-11-27,2025-12-03,images_kaufland/kaufland_offer_200.jpg
THOMY,Sauce Hollandaise,0.99,1.69,1 l = 3.30,-41%,je 300-ml-Packg.,Nein,Dieses Angebot findest du vom 27.11. bis 03.12. in deiner Kaufland-Filiale.,2025-11-27,2025-12-03,images_kaufland/kaufland_offer_201.jpg
GUTHAUS,Backerbsen,0.69,0.89,1 kg = 3.45,-22%,je 200-g-Beutel,Nein,Dieses Angebot findest du vom 27.11. bis 03.12. in deiner Kaufland-Filiale.,2025-11-27,2025-12-03,images_kaufland/kaufland_offer_203.jpg
BARILLA,Al Bronzo Pasta,1.11,,1 kg = 2.22,nur,je 500-g-Packg.,Nein,Dieses Angebot findest du vom 27.11. bis 03.12. in deiner Kaufland-Filiale.,2025-11-27,2025-12-03,images_kaufland/kaufland_offer_204.jpg
GAGGLI,Frischeier-Nudeln,0.99,,1 kg = 3.96,nur,je 250-g-Beutel,Nein,Dieses Angebot findest du vom 27.11. bis 03.12. in deiner Kaufland-Filiale.,2025-11-27,2025-12-03,images_kaufland/kaufland_offer_205.jpg
PFANNI,Kartoffelgericht,1.49,2.49,1 kg = 3.73,-40%,je 400-g-Packg.,Nein,Dieses Angebot findest du vom 27.11. bis 03.12. in deiner Kaufland-Filiale.,2025-11-27,2025-12-03,images_kaufland/kaufland_offer_206.jpg
K-CLASSIC,Blütenhonig,2.22,,1 kg = 4.44,nur,je 500-g-Glas,Nein,Dieses Angebot findest du vom 27.11. bis 03.12. in deiner Kaufland-Filiale.,2025-11-27,2025-12-03,images_kaufland/kaufland_offer_208.jpg
GRAFSCHAFTER,Goldsaft Zuckerrübensirup,1.39,1.79,1 kg = 3.09,-22%,je 450-g-Becher,Nein,Dieses Angebot findest du vom 27.11. bis 03.12. in deiner Kaufland-Filiale.,2025-11-27,2025-12-03,images_kaufland/kaufland_offer_210.jpg
NESTLÉ,Cerealien Maxi-Pack,3.99,5.79,1 kg = 5.92 - 6.39,-31%,je 625 - 675-g-Packg.,Nein,Dieses Angebot findest du vom 27.11. bis 03.12. in deiner Kaufland-Filiale.,2025-11-27,2025-12-03,images_kaufland/kaufland_offer_211.jpg
SÜDZUCKER,Feinster Backzucker,1.39,1.99,,-30%,je 1-kg-Packg.,Nein,Dieses Angebot findest du vom 27.11. bis 03.12. in deiner Kaufland-Filiale.,2025-11-27,2025-12-03,images_kaufland/kaufland_offer_212.jpg
FRIESSINGER MÜHLE,Haushaltsmehl,0.79,,,nur,je 1-kg-Packg.,Nein,Dieses Angebot findest du vom 27.11. bis 03.12. in deiner Kaufland-Filiale.,2025-11-27,2025-12-03,images_kaufland/kaufland_offer_213.jpg
RUF,Grießbrei oder Milchreis,0.69,0.99,1 kg = 5.52 - 7.50,-30%,je 92 - 125-g-Packg.,Nein,Dieses Angebot findest du vom 27.11. bis 03.12. in deiner Kaufland-Filiale.,2025-11-27,2025-12-03,images_kaufland/kaufland_offer_214.jpg
NATURE VALLEY,Crunchy,2.99,,1 kg = 7.12,nur,je 10 x 2 St. = 420-g-Packg.,Nein,Dieses Angebot findest du vom 27.11. bis 03.12. in deiner Kaufland-Filiale.,2025-11-27,2025-12-03,images_kaufland/kaufland_offer_216.jpg
DALLMAYR,Home Barista Caffè Crema Dolce,12.99,18.99,,-31%,je 1-kg-Packg.,Nein,Dieses Angebot findest du vom 27.11. bis 03.12. in deiner Kaufland-Filiale.,2025-11-27,2025-12-03,images_kaufland/kaufland_offer_218.jpg
KABA,Getränkepulver,1.99,2.99,1 kg = 4.98,-33%,je 400-g-Nachfüllpackg.,Nein,Dieses Angebot findest du vom 27.11. bis 03.12. in deiner Kaufland-Filiale.,2025-11-27,2025-12-03,images_kaufland/kaufland_offer_220.jpg
BAD HEILBRUNNER,Heilkräutertee,0.99,,1 kg = 61.88 - 123.75,nur,je 8 Btl. = 8 - 16-g-Packg.,Nein,Dieses Angebot findest du vom 27.11. bis 03.12. in deiner Kaufland-Filiale.,2025-11-27,2025-12-03,images_kaufland/kaufland_offer_221.jpg
ROB'S CHIPS,Kartoffelchips,2.49,,1 kg = 20.75,nur,je 120-g-Beutel,Nein,Dieses Angebot findest du vom 27.11. bis 03.12. in deiner Kaufland-Filiale.,2025-11-27,2025-12-03,images_kaufland/kaufland_offer_222.jpg
FUNNY-FRISCH,Donuts,1.29,1.99,1 kg = 11.73,-35%,je 110-g-Packg.,Nein,Dieses Angebot findest du vom 27.11. bis 03.12. in deiner Kaufland-Filiale.,2025-11-27,2025-12-03,images_kaufland/kaufland_offer_223.jpg
K-CLASSIC,Flips,0.79,0.99,1 kg = 3.95 - 6.32,-20%,je 125 - 200-g-Packg.,Nein,Dieses Angebot findest du vom 27.11. bis 03.12. in deiner Kaufland-Filiale.,2025-11-27,2025-12-03,images_kaufland/kaufland_offer_224.jpg
GUSTO,Snacks XXL,"2.99
*",,1 kg = 9.97,nur,je 300-g-Beutel,Nein,Dieses Angebot findest du vom 27.11. bis 03.12. in deiner Kaufland-Filiale.,2025-11-27,2025-12-03,images_kaufland/kaufland_offer_225.jpg
FUNNY-FRISCH,Goldfischli,1.11,1.49,1 kg = 11.10,-25%,je 100-g-Beutel,Nein,Dieses Angebot findest du vom 27.11. bis 03.12. in deiner Kaufland-Filiale.,2025-11-27,2025-12-03,images_kaufland/kaufland_offer_227.jpg
MILKA,Schokolade,2.79,,1 kg = 9.30 - 11.16,nur,je 250 - 300-g-Tafel,Nein,Dieses Angebot findest du vom 27.11. bis 03.12. in deiner Kaufland-Filiale.,2025-11-27,2025-12-03,images_kaufland/kaufland_offer_228.jpg
TOFFIFEE,Haselnuss in Caramel,0.99,1.49,1 kg = 7.92,-33%,je 15 St. = 125-g-Packg.,Nein,Dieses Angebot findest du vom 27.11. bis 03.12. in deiner Kaufland-Filiale.,2025-11-27,2025-12-03,images_kaufland/kaufland_offer_230.jpg
"SNICKERS, MARS, BOUNTY,",MILKY WAY oder TWIX Minis,5.00,5.98,1 kg = 11.02,-16%,je 7 - 14 St. = 227-g-Packg.,Nein,Dieses Angebot findest du vom 27.11. bis 03.12. in deiner Kaufland-Filiale.,2025-11-27,2025-12-03,images_kaufland/kaufland_offer_231.jpg
KINDER,Riegel,1.99,,1 kg = 9.48,nur,je 10 St. = 210-g-Packg.,Nein,Dieses Angebot findest du vom 27.11. bis 03.12. in deiner Kaufland-Filiale.,2025-11-27,2025-12-03,images_kaufland/kaufland_offer_232.jpg
KINDER,Bueno,1.99,,1 kg = 15.43 - 17.01,nur,je 6 St. = 117 - 129-g-Packg.,Nein,Dieses Angebot findest du vom 27.11. bis 03.12. in deiner Kaufland-Filiale.,2025-11-27,2025-12-03,images_kaufland/kaufland_offer_234.jpg
K-WINTER EDIION,Weihnachtsmischbeutel,2.99,,1 kg = 11.96,nur,je 250-g-Beutel,Nein,Dieses Angebot findest du vom 27.11. bis 03.12. in deiner Kaufland-Filiale.,2025-11-27,2025-12-03,images_kaufland/kaufland_offer_235.jpg
K-WINTER EDITION,Schoko-Lolli,1.69,,1 kg = 11.27,nur,je 10 St. = 150-g-Packg.,Nein,Dieses Angebot findest du vom 27.11. bis 03.12. in deiner Kaufland-Filiale.,2025-11-27,2025-12-03,images_kaufland/kaufland_offer_237.jpg
WICKLEIN,»Burggraf« Lebkuchen,2.29,3.29,1 kg = 11.45,-30%,je 200-g-Packg.,Nein,Dieses Angebot findest du vom 27.11. bis 03.12. in deiner Kaufland-Filiale.,2025-11-27,2025-12-03,images_kaufland/kaufland_offer_239.jpg
K-WINTER EDITION,Schokoladenkränze,1.69,1.99,1 kg = 8.45,-15%,je 200-g-Packg.,Nein,Dieses Angebot findest du vom 27.11. bis 03.12. in deiner Kaufland-Filiale.,2025-11-27,2025-12-03,images_kaufland/kaufland_offer_240.jpg
K-WINTER EDITION,Edel-Nougat-Zapfen,1.99,,1 kg = 13.27,nur,je 150-g-Packg.,Nein,Dieses Angebot findest du vom 27.11. bis 03.12. in deiner Kaufland-Filiale.,2025-11-27,2025-12-03,images_kaufland/kaufland_offer_241.jpg
K-WINTER EDITION,Milchcreme-Zapfen,1.99,2.49,1 kg = 13.27,-20%,je 150-g-Packg.,Nein,Dieses Angebot findest du vom 27.11. bis 03.12. in deiner Kaufland-Filiale.,2025-11-27,2025-12-03,images_kaufland/kaufland_offer_242.jpg
MILKA,Schokoladen-Kugeln,1.99,2.29,1 kg = 19.90 - 23.14,-13%,je 86 - 100-g-Beutel,Nein,Dieses Angebot findest du vom 27.11. bis 03.12. in deiner Kaufland-Filiale.,2025-11-27,2025-12-03,images_kaufland/kaufland_offer_243.jpg
KINDER,Mix Weihnachts-Minis,3.49,,1 kg = 22.81,nur,je 153-g-Packg.,Nein,Dieses Angebot findest du vom 27.11. bis 03.12. in deiner Kaufland-Filiale.,2025-11-27,2025-12-03,images_kaufland/kaufland_offer_245.jpg
LINDT,Alkohol-Spezialitäten- Fläschchen,4.99,6.49,1 kg = 37.81 - 38.10,-23%,je 131 - 132-g-Packg.,Nein,Dieses Angebot findest du vom 27.11. bis 03.12. in deiner Kaufland-Filiale.,2025-11-27,2025-12-03,images_kaufland/kaufland_offer_248.jpg
WINDEL,Sockenstiefel,3.99,5.49,1 kg = 39.12,-27%,je 102-g-Packg.,Nein,Dieses Angebot findest du vom 27.11. bis 03.12. in deiner Kaufland-Filiale.,2025-11-27,2025-12-03,images_kaufland/kaufland_offer_249.jpg
KINDER,Mix Bunte Mischung,3.33,,1 kg = 25.23,nur,je 132-g-Beutel,Nein,Dieses Angebot findest du vom 27.11. bis 03.12. in deiner Kaufland-Filiale.,2025-11-27,2025-12-03,images_kaufland/kaufland_offer_250.jpg
KINDER,Mini-Eggs,1.99,,1 kg = 23.42,nur,je 85-g-Packg.,Nein,Dieses Angebot findest du vom 27.11. bis 03.12. in deiner Kaufland-Filiale.,2025-11-27,2025-12-03,images_kaufland/kaufland_offer_251.jpg
MILKA,Snowballs,3.49,,1 kg = 31.17,nur,je 4 St. = 112-g-Packg.,Nein,Dieses Angebot findest du vom 27.11. bis 03.12. in deiner Kaufland-Filiale.,2025-11-27,2025-12-03,images_kaufland/kaufland_offer_252.jpg
LINDT,Weihnachtsnüsse,3.99,,1 kg = 39.90,nur,je 100-g-Beutel,Nein,Dieses Angebot findest du vom 27.11. bis 03.12. in deiner Kaufland-Filiale.,2025-11-27,2025-12-03,images_kaufland/kaufland_offer_253.jpg
HARIBO,Frohe Weihnachten,1.89,2.49,1 kg = 6.30,-24%,je 300-g-Packg.,Nein,Dieses Angebot findest du vom 27.11. bis 03.12. in deiner Kaufland-Filiale.,2025-11-27,2025-12-03,images_kaufland/kaufland_offer_254.jpg
WEISS,Fidelis Lebkuchen,1.99,2.99,1 kg = 9.95,-33%,je 200-g-Packg.,Nein,Dieses Angebot findest du vom 27.11. bis 03.12. in deiner Kaufland-Filiale.,2025-11-27,2025-12-03,images_kaufland/kaufland_offer_255.jpg
OREO,Doppelkekse,1.29,,1 kg = 8.22 - 8.38,nur,je 154 - 157-g-Packg.,Nein,Dieses Angebot findest du vom 27.11. bis 03.12. in deiner Kaufland-Filiale.,2025-11-27,2025-12-03,images_kaufland/kaufland_offer_259.jpg
LAMBERTZ,"Coco-Fleur, Balena oder Divina",1.29,,1 kg = 10.32 - 11.42,nur,je 113 - 125-g-Packg.,Nein,Dieses Angebot findest du vom 27.11. bis 03.12. in deiner Kaufland-Filiale.,2025-11-27,2025-12-03,images_kaufland/kaufland_offer_260.jpg
NUTELLA,B-Ready,1.79,,1 kg = 13.57,nur,je 6 St. = 132-g-Packg.,Nein,Dieses Angebot findest du vom 27.11. bis 03.12. in deiner Kaufland-Filiale.,2025-11-27,2025-12-03,images_kaufland/kaufland_offer_261.jpg
FLUMI,Cola-Mix,6.49,8.49,1 l = 0.65,-23%,"je Ka. 20 x 0,5-l-Fl.",Nein,Dieses Angebot findest du vom 27.11. bis 03.12. in deiner Kaufland-Filiale.,2025-11-27,2025-12-03,images_kaufland/kaufland_offer_263.jpg
AFRI COLA,Erfrischungsgetränk,0.89,,,nur,je 1-l-PET-Fl.,Nein,Dieses Angebot findest du vom 27.11. bis 03.12. in deiner Kaufland-Filiale.,2025-11-27,2025-12-03,images_kaufland/kaufland_offer_264.jpg
SANPELLEGRINO,Sanbittèr,2.99,,1 l = 5.09,nur,"je Packg. 6 x 0,098-l-Fl.",Nein,Dieses Angebot findest du vom 27.11. bis 03.12. in deiner Kaufland-Filiale.,2025-11-27,2025-12-03,images_kaufland/kaufland_offer_265.jpg
BASINUS,Mineralwasser,2.79,3.49,1 l = 0.34,-20%,"je Ka. 12 x 0,7-l-Fl.",Nein,Dieses Angebot findest du vom 27.11. bis 03.12. in deiner Kaufland-Filiale.,2025-11-27,2025-12-03,images_kaufland/kaufland_offer_266.jpg
HOHES C,Super Shots,1.99,2.79,1 l = 6.03,-28%,"je 0,33-l-PET-Fl.",Nein,Dieses Angebot findest du vom 27.11. bis 03.12. in deiner Kaufland-Filiale.,2025-11-27,2025-12-03,images_kaufland/kaufland_offer_268.jpg
AMECKE,Sanfte Säfte,1.99,,,nur,je 1-l-Packg.,Nein,Dieses Angebot findest du vom 27.11. bis 03.12. in deiner Kaufland-Filiale.,2025-11-27,2025-12-03,images_kaufland/kaufland_offer_269.jpg
KOBER'S,Liköre,7.99,11.99,1 l = 15.98,-33%,"je Packg. 25 x 0,02-l-Fl.",Nein,Dieses Angebot findest du vom 27.11. bis 03.12. in deiner Kaufland-Filiale.,2025-11-27,2025-12-03,images_kaufland/kaufland_offer_272.jpg
APEROL,Aperitivo,9.49,,1 l = 13.56,nur,"je 0,7-l-Fl.",Nein,Dieses Angebot findest du vom 27.11. bis 03.12. in deiner Kaufland-Filiale.,2025-11-27,2025-12-03,images_kaufland/kaufland_offer_273.jpg
HERTLEINS,Streitberger Bitter,11.49,12.99,1 l = 16.42,-11%,"je 0,7-l-Fl.",Nein,Dieses Angebot findest du vom 27.11. bis 03.12. in deiner Kaufland-Filiale.,2025-11-27,2025-12-03,images_kaufland/kaufland_offer_274.jpg
BUMBU,Craft Rum Flavour Spirit,27.99,,1 l = 39.99,nur,"je 0,7-l-Fl.",Nein,Dieses Angebot findest du vom 27.11. bis 03.12. in deiner Kaufland-Filiale.,2025-11-27,2025-12-03,images_kaufland/kaufland_offer_276.jpg
JIM BEAM,Whiskey oder Whiskey-Likör,10.99,,1 l = 15.70,nur,"je 0,7-l-Fl.",Nein,Dieses Angebot findest du vom 27.11. bis 03.12. in deiner Kaufland-Filiale.,2025-11-27,2025-12-03,images_kaufland/kaufland_offer_277.jpg
EVERMANN,Theo,"15.99
*",,1 l = 22.85,nur,"je 0,7-l-Fl.",Nein,Dieses Angebot findest du vom 27.11. bis 03.12. in deiner Kaufland-Filiale.,2025-11-27,2025-12-03,images_kaufland/kaufland_offer_278.jpg
GLENMORANGIE,The Original 12 Single Malt Scotch Whisky,26.99,34.99,1 l = 38.56,-22%,"je 0,7-l-Fl.",Nein,Dieses Angebot findest du vom 27.11. bis 03.12. in deiner Kaufland-Filiale.,2025-11-27,2025-12-03,images_kaufland/kaufland_offer_279.jpg
CONTESSA MARINA,Primitivo »14« DOC,5.99,,1 l = 7.99,nur,"je 0,75-l-Fl.",Nein,Dieses Angebot findest du vom 27.11. bis 03.12. in deiner Kaufland-Filiale.,2025-11-27,2025-12-03,images_kaufland/kaufland_offer_280.jpg
WZG MÖGLINGEN,Trollinger,3.49,4.99,,-30%,je 1-l-Fl.,Nein,Dieses Angebot findest du vom 27.11. bis 03.12. in deiner Kaufland-Filiale.,2025-11-27,2025-12-03,images_kaufland/kaufland_offer_281.jpg
GRAND SUD,Franz. Wein,2.99,,,nur,je 1-l-Fl.,Nein,Dieses Angebot findest du vom 27.11. bis 03.12. in deiner Kaufland-Filiale.,2025-11-27,2025-12-03,images_kaufland/kaufland_offer_282.jpg
ERICH BARTH,Domina Donnersdorfer Zabelstein,4.99,6.79,,-26%,je 1-l-Fl.,Nein,Dieses Angebot findest du vom 27.11. bis 03.12. in deiner Kaufland-Filiale.,2025-11-27,2025-12-03,images_kaufland/kaufland_offer_284.jpg
ERICH BARTH,Bacchus Altmannsdorfer Sonnenwinkel,4.79,,,nur,je 1-l-Fl.,Nein,Dieses Angebot findest du vom 27.11. bis 03.12. in deiner Kaufland-Filiale.,2025-11-27,2025-12-03,images_kaufland/kaufland_offer_285.jpg
GWF,Die jungen Frank'n Qualitätswein,3.99,,1 l = 5.32,nur,"je 0,75-l-Fl.",Nein,Dieses Angebot findest du vom 27.11. bis 03.12. in deiner Kaufland-Filiale.,2025-11-27,2025-12-03,images_kaufland/kaufland_offer_286.jpg
FREIXENET,Span. Schaumwein,15.00,,1 l = 5.00,nur,"je 0,75-l-Fl.",Nein,Dieses Angebot findest du vom 27.11. bis 03.12. in deiner Kaufland-Filiale.,2025-11-27,2025-12-03,images_kaufland/kaufland_offer_287.jpg
ROTKÄPPCHEN,Piccolo-Sekt,0.99,,1 l = 4.95,nur,"je 0,2-l-Fl.",Nein,Dieses Angebot findest du vom 27.11. bis 03.12. in deiner Kaufland-Filiale.,2025-11-27,2025-12-03,images_kaufland/kaufland_offer_288.jpg
FRANZISKANER,Premium-Weißbier,12.99,,1 l = 1.30,nur,"je Ka. 20 x 0,5-l-Fl.",Nein,Dieses Angebot findest du vom 27.11. bis 03.12. in deiner Kaufland-Filiale.,2025-11-27,2025-12-03,images_kaufland/kaufland_offer_289.jpg
MÖNCHSHOF,Kellerbier oder Naturradler,12.99,,1 l = 1.30,nur,"je Ka. 20 x 0,5-l-Fl.",Nein,Dieses Angebot findest du vom 27.11. bis 03.12. in deiner Kaufland-Filiale.,2025-11-27,2025-12-03,images_kaufland/kaufland_offer_290.jpg
CORONA,Extra,14.99,,1 l = 2.12,nur,"je Ka. 20 x 0,355-l-Fl.",Nein,Dieses Angebot findest du vom 27.11. bis 03.12. in deiner Kaufland-Filiale.,2025-11-27,2025-12-03,images_kaufland/kaufland_offer_291.jpg
DESPERADOS,Original,4.99,,1 l = 3.78,nur,"je Packg. 4 x 0,33-l-Fl.",Nein,Dieses Angebot findest du vom 27.11. bis 03.12. in deiner Kaufland-Filiale.,2025-11-27,2025-12-03,images_kaufland/kaufland_offer_292.jpg
VELTINS,Pilsener,11.99,17.99,1 l = 1.20,-33%,"je Ka. 20 x 0,5-l-Fl.",Nein,Dieses Angebot findest du vom 27.11. bis 03.12. in deiner Kaufland-Filiale.,2025-11-27,2025-12-03,images_kaufland/kaufland_offer_293.jpg
SPATEN,Münchner Hell,13.49,17.99,1 l = 1.35,-25%,"je Ka. 20 x 0,5-l-Fl.",Nein,Dieses Angebot findest du vom 27.11. bis 03.12. in deiner Kaufland-Filiale.,2025-11-27,2025-12-03,images_kaufland/kaufland_offer_294.jpg
WARSTEINER,Premium Pilsener,9.99,,1 l = 1.00,nur,"je Ka. 20 x 0,5-l-Fl.",Nein,Dieses Angebot findest du vom 27.11. bis 03.12. in deiner Kaufland-Filiale.,2025-11-27,2025-12-03,images_kaufland/kaufland_offer_295.jpg
GÖLLER,Brotzeitseidla,9.99,13.99,1 l = 1.00,-28%,"je Ka. 20 x 0,5-l-Fl.",Nein,Dieses Angebot findest du vom 27.11. bis 03.12. in deiner Kaufland-Filiale.,2025-11-27,2025-12-03,images_kaufland/kaufland_offer_296.jpg
ADLER BRÄU,Altfränkisches Lagerbier oder Pilsener,12.49,14.99,1 l = 1.25,-16%,"je Ka. 20 x 0,5-l-Fl.",Nein,Dieses Angebot findest du vom 27.11. bis 03.12. in deiner Kaufland-Filiale.,2025-11-27,2025-12-03,images_kaufland/kaufland_offer_297.jpg
VERNEL,Weichspüler,4.00,4.77,pro Anwendung = 0.04,-16%,je 814 - 858-ml-Fl.,Nein,Dieses Angebot findest du vom 27.11. bis 03.12. in deiner Kaufland-Filiale.,2025-11-27,2025-12-03,images_kaufland/kaufland_offer_300.jpg
ALWAYS,Slipeinlagen Big-Pack,2.59,,,nur,je 38 - 74-St.-Packg.,Nein,Dieses Angebot findest du vom 27.11. bis 03.12. in deiner Kaufland-Filiale.,2025-11-27,2025-12-03,images_kaufland/kaufland_offer_302.jpg
O.B.,Tampons,3.29,3.95,,-16%,je 32 - 64-St.-Packg.,Nein,Dieses Angebot findest du vom 27.11. bis 03.12. in deiner Kaufland-Filiale.,2025-11-27,2025-12-03,images_kaufland/kaufland_offer_303.jpg
MEISTER PROPER,Allzweckreiniger,1.59,1.95,,-18%,je 1-l-Fl.,Nein,Dieses Angebot findest du vom 27.11. bis 03.12. in deiner Kaufland-Filiale.,2025-11-27,2025-12-03,images_kaufland/kaufland_offer_304.jpg
ANTIKAL,Kalkreiniger,2.79,,1 l = 3.49,nur,je 800-ml-Fl.,Nein,Dieses Angebot findest du vom 27.11. bis 03.12. in deiner Kaufland-Filiale.,2025-11-27,2025-12-03,images_kaufland/kaufland_offer_305.jpg
FEBREZE,Lufterfrischer-Duos,"4.99
*",,1 l = 311.88,nur,je 16-ml-Packg.,Nein,Dieses Angebot findest du vom 27.11. bis 03.12. in deiner Kaufland-Filiale.,2025-11-27,2025-12-03,images_kaufland/kaufland_offer_306.jpg
FROSCH,"Spülmittel, -Lotion oder -Gel",1.69,,1 l = 2.26 - 5.64,nur,je 500 - 750-ml-Fl.,Nein,Dieses Angebot findest du vom 27.11. bis 03.12. in deiner Kaufland-Filiale.,2025-11-27,2025-12-03,images_kaufland/kaufland_offer_307.jpg
FINISH,Spülmaschinen-Tabs oder -Caps,7.99,,pro Anwendung = 0.13 - 0.19,nur,je 42 - 64-St.-Packg.,Nein,Dieses Angebot findest du vom 27.11. bis 03.12. in deiner Kaufland-Filiale.,2025-11-27,2025-12-03,images_kaufland/kaufland_offer_308.jpg
FRECHE FREUNDE,Bio-Frucht-Snack,0.75,0.95,1 kg = 7.50,-21%,je 100-g-Beutel,Nein,Dieses Angebot findest du vom 27.11. bis 03.12. in deiner Kaufland-Filiale.,2025-11-27,2025-12-03,images_kaufland/kaufland_offer_309.jpg
PAMPERS,Windeln oder Pants Maxi-Pack,37.00,,pro Stück = 0.14 - 0.27,nur,je 70 - 136-St.-Packg.,Nein,Dieses Angebot findest du vom 27.11. bis 03.12. in deiner Kaufland-Filiale.,2025-11-27,2025-12-03,images_kaufland/kaufland_offer_310.jpg
NIVEA,Shampoo oder Spülung,2.49,2.95,1 l = 9.96 - 12.45,-15%,je 200 - 250-ml-Fl.,Nein,Dieses Angebot findest du vom 27.11. bis 03.12. in deiner Kaufland-Filiale.,2025-11-27,2025-12-03,images_kaufland/kaufland_offer_311.jpg
L'ORÉAL PARIS,Excellence Creme,5.55,6.95,,-20%,je Packg.,Nein,Dieses Angebot findest du vom 27.11. bis 03.12. in deiner Kaufland-Filiale.,2025-11-27,2025-12-03,images_kaufland/kaufland_offer_312.jpg
LISTERINE,Mundspülung,3.99,4.95,1 l = 7.98,-19%,je 500-ml-Fl.,Nein,Dieses Angebot findest du vom 27.11. bis 03.12. in deiner Kaufland-Filiale.,2025-11-27,2025-12-03,images_kaufland/kaufland_offer_314.jpg
"ARONAL, ELMEX oder MERIDOL",Zahnpasta-Doppelpack,"6.99
*",,1 l = 46.60,nur,je 2 x 75-ml-Packg.,Nein,Dieses Angebot findest du vom 27.11. bis 03.12. in deiner Kaufland-Filiale.,2025-11-27,2025-12-03,images_kaufland/kaufland_offer_315.jpg
BLEND-A-DENT,Haftcreme Extra Stark,3.49,4.95,1 kg = 74.26,-29%,je 47-g-Tube,Nein,Dieses Angebot findest du vom 27.11. bis 03.12. in deiner Kaufland-Filiale.,2025-11-27,2025-12-03,images_kaufland/kaufland_offer_316.jpg
ORIGINAL SOURCE,Duschgel,1.11,1.59,1 l = 4.44,-30%,je 250-ml-Fl.,Nein,Dieses Angebot findest du vom 27.11. bis 03.12. in deiner Kaufland-Filiale.,2025-11-27,2025-12-03,images_kaufland/kaufland_offer_317.jpg
NIVEA,"Kids 3in1 Duschgel, Shampoo & Spülung",1.49,1.95,1 l = 5.96,-23%,je 250-ml-Fl.,Nein,Dieses Angebot findest du vom 27.11. bis 03.12. in deiner Kaufland-Filiale.,2025-11-27,2025-12-03,images_kaufland/kaufland_offer_318.jpg
NIVEA,Creme- oder Pflegedusche,1.69,1.95,1 l = 6.76,-13%,je 250-ml-Fl.,Nein,Dieses Angebot findest du vom 27.11. bis 03.12. in deiner Kaufland-Filiale.,2025-11-27,2025-12-03,images_kaufland/kaufland_offer_319.jpg
CD,Milde Seife Avocado,0.75,0.95,1 kg = 7.50,-21%,je 100-g-Stück,Nein,Dieses Angebot findest du vom 27.11. bis 03.12. in deiner Kaufland-Filiale.,2025-11-27,2025-12-03,images_kaufland/kaufland_offer_320.jpg
JOHN PLAYER SPECIAL,Hair & Body Shampoo,2.69,3.45,1 l = 5.38,-22%,je 500-ml-Fl.,Nein,Dieses Angebot findest du vom 27.11. bis 03.12. in deiner Kaufland-Filiale.,2025-11-27,2025-12-03,images_kaufland/kaufland_offer_321.jpg
SAGROTAN,No Touch Nachfüller,2.59,3.25,1 l = 10.36,-20%,je 250-ml-Fl.,Nein,Dieses Angebot findest du vom 27.11. bis 03.12. in deiner Kaufland-Filiale.,2025-11-27,2025-12-03,images_kaufland/kaufland_offer_322.jpg
,2in1 Shampoo und Duschgel,3.99,4.99,1 l = 9.98,-20%,je 400-ml-Fl.,Nein,Dieses Angebot findest du vom 27.11. bis 03.12. in deiner Kaufland-Filiale.,2025-11-27,2025-12-03,images_kaufland/kaufland_offer_323.jpg
ADIDAS,Geschenkset Ice Dive oder UEFA 12,"3.99
*",,,nur,je Set,Nein,Dieses Angebot findest du vom 27.11. bis 03.12. in deiner Kaufland-Filiale.,2025-11-27,2025-12-03,images_kaufland/kaufland_offer_324.jpg
NAOMI CAMPBELL,Geschenkset,7.77,9.95,,-21%,je Set,Nein,Dieses Angebot findest du vom 27.11. bis 03.12. in deiner Kaufland-Filiale.,2025-11-27,2025-12-03,images_kaufland/kaufland_offer_325.jpg
WHISKAS oder SHEBA,Katzenfutter,"15.99
*",,1 kg = 3.14 - 6.40,nur,je 40 x bzw. 60 x 85-g-Packg.,Nein,Dieses Angebot findest du vom 27.11. bis 03.12. in deiner Kaufland-Filiale.,2025-11-27,2025-12-03,images_kaufland/kaufland_offer_326.jpg
PURINA ONE,Katzennahrung,2.99,3.95,1 kg = 3.99,-24%,je 750-g-Beutel,Nein,Dieses Angebot findest du vom 27.11. bis 03.12. in deiner Kaufland-Filiale.,2025-11-27,2025-12-03,images_kaufland/kaufland_offer_327.jpg
VOGELPICK,Erdnuss-Stangen,1.19,1.49,1 kg = 6.62,-20%,je 2 St. = 180-g-Packg.,Nein,Dieses Angebot findest du vom 27.11. bis 03.12. in deiner Kaufland-Filiale.,2025-11-27,2025-12-03,images_kaufland/kaufland_offer_328.jpg
VOGELPICK,Meisen-Knödel,0.79,0.99,1 kg = 1.47,-20%,je 6 St. = 540-g-Beutel,Nein,Dieses Angebot findest du vom 27.11. bis 03.12. in deiner Kaufland-Filiale.,2025-11-27,2025-12-03,images_kaufland/kaufland_offer_329.jpg
VOGELPICK,Sonnenblumenkerne,2.69,3.49,1 kg = 1.08,-22%,"je 2,5-kg-Beutel",Nein,Dieses Angebot findest du vom 27.11. bis 03.12. in deiner Kaufland-Filiale.,2025-11-27,2025-12-03,images_kaufland/kaufland_offer_330.jpg
VOGELPICK,Streufutter,1.99,2.99,1 kg = 0.80,-33%,"je 2,5-kg-Beutel",Nein,Dieses Angebot findest du vom 27.11. bis 03.12. in deiner Kaufland-Filiale.,2025-11-27,2025-12-03,images_kaufland/kaufland_offer_331.jpg
VOGELPICK,Erdnusskerne,2.29,2.99,,-23%,je 1-kg-Beutel,Nein,Dieses Angebot findest du vom 27.11. bis 03.12. in deiner Kaufland-Filiale.,2025-11-27,2025-12-03,images_kaufland/kaufland_offer_332.jpg
VOGELPICK,Fettfutter,0.99,1.19,,-16%,je 1-kg-Packg.,Nein,Dieses Angebot findest du vom 27.11. bis 03.12. in deiner Kaufland-Filiale.,2025-11-27,2025-12-03,images_kaufland/kaufland_offer_333.jpg
VOGELPICK,Vogelfutter-Set,3.49,4.49,1 kg = 1.63,-22%,"je 2,15-kg-Eimer",Nein,Dieses Angebot findest du vom 27.11. bis 03.12. in deiner Kaufland-Filiale.,2025-11-27,2025-12-03,images_kaufland/kaufland_offer_334.jpg
BESTRON,XL-Sandwich-Toaster »ASM90XLCO«,14.99,UVP49.95,,-69%,je,Nein,Dieses Angebot findest du vom 27.11. bis 03.12. in deiner Kaufland-Filiale.,2025-11-27,2025-12-03,images_kaufland/kaufland_offer_335.jpg
ROWENTA,Beutelloser Akku-Stielsauger »Air Force Light RH6545«,79.99,,,nur,je,Nein,Dieses Angebot findest du vom 27.11. bis 03.12. in deiner Kaufland-Filiale.,2025-11-27,2025-12-03,images_kaufland/kaufland_offer_336.jpg
TRISTAR,Heißluftfritteuse »FR-9008KL«,39.99,UVP64.99,,-38%,je,Nein,Dieses Angebot findest du vom 27.11. bis 03.12. in deiner Kaufland-Filiale.,2025-11-27,2025-12-03,images_kaufland/kaufland_offer_337.jpg
LEIFHEIT,Fenstersauger »Dry & Clean«,37.99,UVP64.99,,-41%,je,Nein,Dieses Angebot findest du vom 27.11. bis 03.12. in deiner Kaufland-Filiale.,2025-11-27,2025-12-03,images_kaufland/kaufland_offer_338.jpg
BESTRON,Wasserkocher »AWK1000CO«,14.99,UVP44.95,,-66%,je,Nein,Dieses Angebot findest du vom 27.11. bis 03.12. in deiner Kaufland-Filiale.,2025-11-27,2025-12-03,images_kaufland/kaufland_offer_339.jpg
BESTRON,Toaster »ATS1000CO«,19.99,UVP59.95,,-66%,je,Nein,Dieses Angebot findest du vom 27.11. bis 03.12. in deiner Kaufland-Filiale.,2025-11-27,2025-12-03,images_kaufland/kaufland_offer_340.jpg
BESTRON,Thermo-Kaffeemaschine »ACM1000CO«,24.99,UVP84.99,,-70%,je,Nein,Dieses Angebot findest du vom 27.11. bis 03.12. in deiner Kaufland-Filiale.,2025-11-27,2025-12-03,images_kaufland/kaufland_offer_341.jpg
BESTRON,Eierkocher »AEC2000CO«,9.99,UVP29.95,,-66%,je,Nein,Dieses Angebot findest du vom 27.11. bis 03.12. in deiner Kaufland-Filiale.,2025-11-27,2025-12-03,images_kaufland/kaufland_offer_342.jpg
BESTRON,Handmixer »AHM1000CO«,12.99,UVP39.99,,-67%,je,Nein,Dieses Angebot findest du vom 27.11. bis 03.12. in deiner Kaufland-Filiale.,2025-11-27,2025-12-03,images_kaufland/kaufland_offer_343.jpg
SWITCH ON®,Mikrowelle mit Grill »SOMW 800 F2«,69.99,79.99,,-12%,je,Nein,Dieses Angebot findest du vom 27.11. bis 03.12. in deiner Kaufland-Filiale.,2025-11-27,2025-12-03,images_kaufland/kaufland_offer_345.jpg
MATTEL,HOT WHEELS »Skate Fingerboard gold«,4.99,,,nur,je,Nein,Dieses Angebot findest du vom 27.11. bis 03.12. in deiner Kaufland-Filiale.,2025-11-27,2025-12-03,images_kaufland/kaufland_offer_347.jpg
MATTEL,Fahrzeug »Matchbox«,1.99,UVP2.49,,-20%,je,Nein,Dieses Angebot findest du vom 27.11. bis 03.12. in deiner Kaufland-Filiale.,2025-11-27,2025-12-03,images_kaufland/kaufland_offer_348.jpg
WADER,Magic Truck,24.99,UVP34.99,,-28%,je,Nein,Dieses Angebot findest du vom 27.11. bis 03.12. in deiner Kaufland-Filiale.,2025-11-27,2025-12-03,images_kaufland/kaufland_offer_349.jpg
CARRERA,RC-Fußball-Set »Bundesliga«,32.99,UVP44.99,,-26%,je,Nein,Dieses Angebot findest du vom 27.11. bis 03.12. in deiner Kaufland-Filiale.,2025-11-27,2025-12-03,images_kaufland/kaufland_offer_350.jpg
MATTEL,Barbie-Puppe »Meerjungfrau«,17.99,UVP26.99,,-33%,je,Nein,Dieses Angebot findest du vom 27.11. bis 03.12. in deiner Kaufland-Filiale.,2025-11-27,2025-12-03,images_kaufland/kaufland_offer_351.jpg
CRAZE,»BFF Beadys Mega Box« Perlen-Set,9.99,UVP14.99,,-33%,je,Nein,Dieses Angebot findest du vom 27.11. bis 03.12. in deiner Kaufland-Filiale.,2025-11-27,2025-12-03,images_kaufland/kaufland_offer_353.jpg
MATTEL,HOT WHEELS »Fast & Furious«,1.99,UVP4.79,,-58%,je,Nein,Dieses Angebot findest du vom 27.11. bis 03.12. in deiner Kaufland-Filiale.,2025-11-27,2025-12-03,images_kaufland/kaufland_offer_354.jpg
ZURU,Pets Alive Smitten Kitten,14.99,UVP19.99,,-25%,je,Nein,Dieses Angebot findest du vom 27.11. bis 03.12. in deiner Kaufland-Filiale.,2025-11-27,2025-12-03,images_kaufland/kaufland_offer_355.jpg
MATTEL,Barbie-Puppe »Fee«,17.99,UVP26.99,,-33%,je,Nein,Dieses Angebot findest du vom 27.11. bis 03.12. in deiner Kaufland-Filiale.,2025-11-27,2025-12-03,images_kaufland/kaufland_offer_356.jpg
ZURU,Snackles »Kaufland«,8.99,,,nur,> Für Kinder ab 0 Jahren je,Nein,Dieses Angebot findest du vom 27.11. bis 03.12. in deiner Kaufland-Filiale.,2025-11-27,2025-12-03,images_kaufland/kaufland_offer_357.jpg
MATTEL,HOT WHEELS Luxus-Auto,1.99,UVP4.79,,-58%,je,Nein,Dieses Angebot findest du vom 27.11. bis 03.12. in deiner Kaufland-Filiale.,2025-11-27,2025-12-03,images_kaufland/kaufland_offer_358.jpg
MATTEL,HOT WHEELS Fahrzeug,1.59,,,nur,je,Nein,Dieses Angebot findest du vom 27.11. bis 03.12. in deiner Kaufland-Filiale.,2025-11-27,2025-12-03,images_kaufland/kaufland_offer_359.jpg
MATTEL,Matchbox Skybusters,3.99,UVP5.99,,-33%,je,Nein,Dieses Angebot findest du vom 27.11. bis 03.12. in deiner Kaufland-Filiale.,2025-11-27,2025-12-03,images_kaufland/kaufland_offer_360.jpg
ZURU,Puppe »Sparkle Girlz«,4.99,UVP7.99,,-37%,je,Nein,Dieses Angebot findest du vom 27.11. bis 03.12. in deiner Kaufland-Filiale.,2025-11-27,2025-12-03,images_kaufland/kaufland_offer_361.jpg
,Makiki-Schlüsselanhänger,6.99,,,nur,je,Nein,Dieses Angebot findest du vom 27.11. bis 03.12. in deiner Kaufland-Filiale.,2025-11-27,2025-12-03,images_kaufland/kaufland_offer_362.jpg
KIDLAND®,Click-Play-Go-Bauplatten-Set in Straßenoptik,9.99,,,nur,je 6-teilig,Nein,Dieses Angebot findest du vom 27.11. bis 03.12. in deiner Kaufland-Filiale.,2025-11-27,2025-12-03,images_kaufland/kaufland_offer_364.jpg
KIDLAND®,Click-Play-Go-Bauplatten-Set bunt,9.99,,,nur,je 6-teilig,Nein,Dieses Angebot findest du vom 27.11. bis 03.12. in deiner Kaufland-Filiale.,2025-11-27,2025-12-03,images_kaufland/kaufland_offer_365.jpg
MATTEL,HOT WHEELS Rennwagen »F1 Edition Max Verstappen«,9.99,UVP12.99,,-23%,je,Nein,Dieses Angebot findest du vom 27.11. bis 03.12. in deiner Kaufland-Filiale.,2025-11-27,2025-12-03,images_kaufland/kaufland_offer_366.jpg
MATTEL,HOT WHEELS »Sprung durch die Spirale«,16.99,UVP24.99,,-32%,je,Nein,Dieses Angebot findest du vom 27.11. bis 03.12. in deiner Kaufland-Filiale.,2025-11-27,2025-12-03,images_kaufland/kaufland_offer_367.jpg
HASBRO,Play-Doh Super-Farben-Kiste,9.99,UVP22.99,,-56%,je,Nein,Dieses Angebot findest du vom 27.11. bis 03.12. in deiner Kaufland-Filiale.,2025-11-27,2025-12-03,images_kaufland/kaufland_offer_368.jpg
HASBRO,Play-Doh Starters Knetmatte »Fold 'n Go«,9.99,UVP26.99,,-62%,je,Nein,Dieses Angebot findest du vom 27.11. bis 03.12. in deiner Kaufland-Filiale.,2025-11-27,2025-12-03,images_kaufland/kaufland_offer_369.jpg
BERGNER,Messer-Set »ORIGEN«,14.99,UVP29.99,,-50%,je 4-teilig,Nein,Dieses Angebot findest du vom 27.11. bis 03.12. in deiner Kaufland-Filiale.,2025-11-27,2025-12-03,images_kaufland/kaufland_offer_370.jpg
BERGNER,Besteck-Set »ORIGEN«,14.99,UVP39.99,,-62%,je 24-teilig,Nein,Dieses Angebot findest du vom 27.11. bis 03.12. in deiner Kaufland-Filiale.,2025-11-27,2025-12-03,images_kaufland/kaufland_offer_371.jpg
BERGNER,Schneidebrett »ORIGEN«,7.99,UVP13.30,,-39%,je,Nein,Dieses Angebot findest du vom 27.11. bis 03.12. in deiner Kaufland-Filiale.,2025-11-27,2025-12-03,images_kaufland/kaufland_offer_372.jpg
CHG,Bratenform mit Deckel »Easy Oven«,6.99,,,nur,je 2-teilig,Nein,Dieses Angebot findest du vom 27.11. bis 03.12. in deiner Kaufland-Filiale.,2025-11-27,2025-12-03,images_kaufland/kaufland_offer_373.jpg
BERGNER,Kochtopf »ORIGEN« Ø 20 cm,19.99,UVP44.53,,-55%,je,Nein,Dieses Angebot findest du vom 27.11. bis 03.12. in deiner Kaufland-Filiale.,2025-11-27,2025-12-03,images_kaufland/kaufland_offer_374.jpg
BERGNER,Kochtopf »ORIGEN« Ø 28 cm,29.99,UVP81.99,,-63%,je,Nein,Dieses Angebot findest du vom 27.11. bis 03.12. in deiner Kaufland-Filiale.,2025-11-27,2025-12-03,images_kaufland/kaufland_offer_375.jpg
BERGNER,Bratpfanne »ORIGEN« Ø 16 cm,7.99,UVP28.50,,-71%,je,Nein,Dieses Angebot findest du vom 27.11. bis 03.12. in deiner Kaufland-Filiale.,2025-11-27,2025-12-03,images_kaufland/kaufland_offer_376.jpg
CHG,Brat- und Backform »Easy Oven«,6.99,,,nur,je 2-teilig,Nein,Dieses Angebot findest du vom 27.11. bis 03.12. in deiner Kaufland-Filiale.,2025-11-27,2025-12-03,images_kaufland/kaufland_offer_377.jpg
BERGNER,Bratpfanne »ORIGEN« Ø 20 cm,9.99,UVP29.00,,-65%,je,Nein,Dieses Angebot findest du vom 27.11. bis 03.12. in deiner Kaufland-Filiale.,2025-11-27,2025-12-03,images_kaufland/kaufland_offer_379.jpg
BERGNER,Bratpfanne »ORIGEN« Ø 24 cm,12.99,UVP48.54,,-73%,je,Nein,Dieses Angebot findest du vom 27.11. bis 03.12. in deiner Kaufland-Filiale.,2025-11-27,2025-12-03,images_kaufland/kaufland_offer_380.jpg
BERGNER,Bratpfanne »ORIGEN« Ø 28 cm,14.99,UVP36.08,,-58%,je,Nein,Dieses Angebot findest du vom 27.11. bis 03.12. in deiner Kaufland-Filiale.,2025-11-27,2025-12-03,images_kaufland/kaufland_offer_381.jpg
BERGNER,Grillpfanne »ORIGEN«,14.99,UVP46.67,,-67%,je,Nein,Dieses Angebot findest du vom 27.11. bis 03.12. in deiner Kaufland-Filiale.,2025-11-27,2025-12-03,images_kaufland/kaufland_offer_382.jpg
BERGNER,Wokpfanne »ORIGEN« Ø 28 cm,19.99,UVP42.95,,-53%,je,Nein,Dieses Angebot findest du vom 27.11. bis 03.12. in deiner Kaufland-Filiale.,2025-11-27,2025-12-03,images_kaufland/kaufland_offer_383.jpg
BERGNER,Crêpespfanne »ORIGEN«,12.99,UVP37.35,,-65%,je,Nein,Dieses Angebot findest du vom 27.11. bis 03.12. in deiner Kaufland-Filiale.,2025-11-27,2025-12-03,images_kaufland/kaufland_offer_384.jpg
BERGNER,Kochtopf »ORIGEN« Ø 24 cm,24.99,UVP59.99,,-58%,"> Größe ca. Ø 24 x 10 cm (ca. 4,3 l) je",Nein,Dieses Angebot findest du vom 27.11. bis 03.12. in deiner Kaufland-Filiale.,2025-11-27,2025-12-03,images_kaufland/kaufland_offer_385.jpg
SWIFFER,Staubmagnet-Starter-Set,2.49,UVP3.99,,-37%,je 4-teilig,Nein,Dieses Angebot findest du vom 27.11. bis 03.12. in deiner Kaufland-Filiale.,2025-11-27,2025-12-03,images_kaufland/kaufland_offer_386.jpg
SWIFFER,Starter-Set,7.99,UVP14.99,,-46%,je 13-teilig,Nein,Dieses Angebot findest du vom 27.11. bis 03.12. in deiner Kaufland-Filiale.,2025-11-27,2025-12-03,images_kaufland/kaufland_offer_388.jpg
LEIFHEIT,Fensterwischer »Cleaner L micro duo«,9.99,UVP19.99,,-50%,je,Nein,Dieses Angebot findest du vom 27.11. bis 03.12. in deiner Kaufland-Filiale.,2025-11-27,2025-12-03,images_kaufland/kaufland_offer_393.jpg
LEIFHEIT,Ersatzpad für »W&F Cleaner L micro duo«,5.99,UVP9.99,,-40%,je,Nein,Dieses Angebot findest du vom 27.11. bis 03.12. in deiner Kaufland-Filiale.,2025-11-27,2025-12-03,images_kaufland/kaufland_offer_394.jpg
SWIFFER,Bodenreinigungstücher feucht,4.49,UVP6.99,,-35%,je 24-St.-Packg.,Nein,Dieses Angebot findest du vom 27.11. bis 03.12. in deiner Kaufland-Filiale.,2025-11-27,2025-12-03,images_kaufland/kaufland_offer_395.jpg
SWIFFER,Bodentücher mit Duft,7.99,UVP14.99,,-46%,je 72-St.-Packg.,Nein,Dieses Angebot findest du vom 27.11. bis 03.12. in deiner Kaufland-Filiale.,2025-11-27,2025-12-03,images_kaufland/kaufland_offer_396.jpg
SWIFFER,Staubmagnet-Tücher mit Duft,7.99,UVP14.99,,-46%,je 18-St.-Packg.,Nein,Dieses Angebot findest du vom 27.11. bis 03.12. in deiner Kaufland-Filiale.,2025-11-27,2025-12-03,images_kaufland/kaufland_offer_397.jpg
LIV&BO®,LED-Lichterkette mit 50 LEDs,2.99,3.99,,-25%,je,Nein,Dieses Angebot findest du vom 27.11. bis 03.12. in deiner Kaufland-Filiale.,2025-11-27,2025-12-03,images_kaufland/kaufland_offer_398.jpg
LIV&BO®,LED-Lichterkette mit 100 LEDs,7.99,,,nur,je,Nein,Dieses Angebot findest du vom 27.11. bis 03.12. in deiner Kaufland-Filiale.,2025-11-27,2025-12-03,images_kaufland/kaufland_offer_399.jpg
LIV&BO®,Weihnachtsbaumkugeln,1.99,,,nur,je 10-St.-Packg.,Nein,Dieses Angebot findest du vom 27.11. bis 03.12. in deiner Kaufland-Filiale.,2025-11-27,2025-12-03,images_kaufland/kaufland_offer_400.jpg
LIV&BO®,LED-Lichterkette mit 120 LEDs,9.99,,,nur,je,Nein,Dieses Angebot findest du vom 27.11. bis 03.12. in deiner Kaufland-Filiale.,2025-11-27,2025-12-03,images_kaufland/kaufland_offer_401.jpg
LIV&BO®,Weihnachtsbaumschmuck,6.99,,,nur,je 51-teilig,Nein,Dieses Angebot findest du vom 27.11. bis 03.12. in deiner Kaufland-Filiale.,2025-11-27,2025-12-03,images_kaufland/kaufland_offer_402.jpg
LIV&BO®,LED-Weihnachtsbaumkerzen kabellos,19.99,24.99,,-20%,je 15-St.-Packg.,Nein,Dieses Angebot findest du vom 27.11. bis 03.12. in deiner Kaufland-Filiale.,2025-11-27,2025-12-03,images_kaufland/kaufland_offer_403.jpg
LIV&BO®,Weihnachtsbaumständer,17.99,,,nur,je,Nein,Dieses Angebot findest du vom 27.11. bis 03.12. in deiner Kaufland-Filiale.,2025-11-27,2025-12-03,images_kaufland/kaufland_offer_404.jpg
LIV&BO®,LED-Lichterkette mit 200 LEDs,9.99,,,nur,je,Nein,Dieses Angebot findest du vom 27.11. bis 03.12. in deiner Kaufland-Filiale.,2025-11-27,2025-12-03,images_kaufland/kaufland_offer_407.jpg
LIV&BO®,LED-Galaxielichterkette mit warmweißen 1.000 LEDs,17.99,24.99,,-28%,je,Nein,Dieses Angebot findest du vom 27.11. bis 03.12. in deiner Kaufland-Filiale.,2025-11-27,2025-12-03,images_kaufland/kaufland_offer_409.jpg
LIV&BO®,LED-Lichterkette mit 1.000 warmweißen LEDs,17.99,24.99,,-28%,je,Nein,Dieses Angebot findest du vom 27.11. bis 03.12. in deiner Kaufland-Filiale.,2025-11-27,2025-12-03,images_kaufland/kaufland_offer_410.jpg
LIV&BO®,LED-Laterne mit Schneekugel,9.99,,,nur,je,Nein,Dieses Angebot findest du vom 27.11. bis 03.12. in deiner Kaufland-Filiale.,2025-11-27,2025-12-03,images_kaufland/kaufland_offer_411.jpg
WECO,Bodenwirbel »Dicke Brummer XXL«,2.99,,,nur,je 8-St.-Packg.,Nein,Dieses Angebot findest du vom 27.11. bis 03.12. in deiner Kaufland-Filiale.,2025-11-27,2025-12-03,images_kaufland/kaufland_offer_413.jpg
WECO,Brilliant-Wunderkerz »CARAT«,1.99,,,nur,je 20-St.-Packg.,Nein,Dieses Angebot findest du vom 27.11. bis 03.12. in deiner Kaufland-Filiale.,2025-11-27,2025-12-03,images_kaufland/kaufland_offer_414.jpg
COMET,»Wizzlers« Handfontänen,3.99,,,nur,je 10-St.-Packg.,Nein,Dieses Angebot findest du vom 27.11. bis 03.12. in deiner Kaufland-Filiale.,2025-11-27,2025-12-03,images_kaufland/kaufland_offer_415.jpg
COMET,Große Knallerbsen »Fun Snaps«,2.99,,,nur,je 100-St.-Packg.,Nein,Dieses Angebot findest du vom 27.11. bis 03.12. in deiner Kaufland-Filiale.,2025-11-27,2025-12-03,images_kaufland/kaufland_offer_416.jpg
COMET,Jugendfeuerwerk »Fire Kids XL«,6.99,,,nur,je 5-teilig,Nein,Dieses Angebot findest du vom 27.11. bis 03.12. in deiner Kaufland-Filiale.,2025-11-27,2025-12-03,images_kaufland/kaufland_offer_417.jpg
OYANDA®,Damen-Pyjama,8.99,,,nur,je 2-teilig,Nein,Dieses Angebot findest du vom 27.11. bis 03.12. in deiner Kaufland-Filiale.,2025-11-27,2025-12-03,images_kaufland/kaufland_offer_418.jpg
OYANDA®,Damen-Feinstrickkleid,12.99,,,nur,je,Nein,Dieses Angebot findest du vom 27.11. bis 03.12. in deiner Kaufland-Filiale.,2025-11-27,2025-12-03,images_kaufland/kaufland_offer_419.jpg
OYANDA®,Damen-Weihnachtspullover,7.99,,,nur,je,Nein,Dieses Angebot findest du vom 27.11. bis 03.12. in deiner Kaufland-Filiale.,2025-11-27,2025-12-03,images_kaufland/kaufland_offer_420.jpg
OYANDA®,Damen-Sweathose,9.99,,,nur,je,Nein,Dieses Angebot findest du vom 27.11. bis 03.12. in deiner Kaufland-Filiale.,2025-11-27,2025-12-03,images_kaufland/kaufland_offer_421.jpg
OYANDA®,Damen-Sweathoodie,9.99,,,nur,je,Nein,Dieses Angebot findest du vom 27.11. bis 03.12. in deiner Kaufland-Filiale.,2025-11-27,2025-12-03,images_kaufland/kaufland_offer_422.jpg
OYANDA®,Damen-Socken,2.99,,,nur,je 3 Paar,Nein,Dieses Angebot findest du vom 27.11. bis 03.12. in deiner Kaufland-Filiale.,2025-11-27,2025-12-03,images_kaufland/kaufland_offer_423.jpg
OYANDA®,Damen-Hausschuhe,4.99,,,nur,je Paar,Nein,Dieses Angebot findest du vom 27.11. bis 03.12. in deiner Kaufland-Filiale.,2025-11-27,2025-12-03,images_kaufland/kaufland_offer_424.jpg
TOWNLAND®,Herren-Pyjama,8.99,,,nur,je 2-teilig,Nein,Dieses Angebot findest du vom 27.11. bis 03.12. in deiner Kaufland-Filiale.,2025-11-27,2025-12-03,images_kaufland/kaufland_offer_425.jpg
TOWNLAND®,Herren-Boxer,7.99,,,nur,je 3-St.-Packg.,Nein,Dieses Angebot findest du vom 27.11. bis 03.12. in deiner Kaufland-Filiale.,2025-11-27,2025-12-03,images_kaufland/kaufland_offer_426.jpg
TOWNLAND®,Herren-Sweathose,9.99,,,nur,je,Nein,Dieses Angebot findest du vom 27.11. bis 03.12. in deiner Kaufland-Filiale.,2025-11-27,2025-12-03,images_kaufland/kaufland_offer_427.jpg
TOWNLAND®,Herren-Sweathoodie,9.99,,,nur,je,Nein,Dieses Angebot findest du vom 27.11. bis 03.12. in deiner Kaufland-Filiale.,2025-11-27,2025-12-03,images_kaufland/kaufland_offer_428.jpg
TOWNLAND®,Herren-Weihnachtspullover,7.99,,,nur,je,Nein,Dieses Angebot findest du vom 27.11. bis 03.12. in deiner Kaufland-Filiale.,2025-11-27,2025-12-03,images_kaufland/kaufland_offer_429.jpg
,Weihnachtsstrickpullover »Kaufland«,9.99,,,nur,je,Nein,Dieses Angebot findest du vom 27.11. bis 03.12. in deiner Kaufland-Filiale.,2025-11-27,2025-12-03,images_kaufland/kaufland_offer_430.jpg
,Weihnachtssweatpullover »Kaufland«,9.99,,,nur,je,Nein,Dieses Angebot findest du vom 27.11. bis 03.12. in deiner Kaufland-Filiale.,2025-11-27,2025-12-03,images_kaufland/kaufland_offer_431.jpg
TOWNLAND®,Herren-Socken,2.99,,,nur,je 3 Paar,Nein,Dieses Angebot findest du vom 27.11. bis 03.12. in deiner Kaufland-Filiale.,2025-11-27,2025-12-03,images_kaufland/kaufland_offer_432.jpg
TOWNLAND®,Herren-Hausschuhe,4.99,,,nur,je Paar,Nein,Dieses Angebot findest du vom 27.11. bis 03.12. in deiner Kaufland-Filiale.,2025-11-27,2025-12-03,images_kaufland/kaufland_offer_433.jpg
HIP&HOPPS®,Kinder-Pyjama,4.99,,,nur,je 2-teilig,Nein,Dieses Angebot findest du vom 27.11. bis 03.12. in deiner Kaufland-Filiale.,2025-11-27,2025-12-03,images_kaufland/kaufland_offer_434.jpg
HIP&HOPPS®,Kinder-Thermoleggings,3.99,,,nur,je,Nein,Dieses Angebot findest du vom 27.11. bis 03.12. in deiner Kaufland-Filiale.,2025-11-27,2025-12-03,images_kaufland/kaufland_offer_436.jpg
,Weihnachtsstrickpullover für Kinder »Kaufland«,7.99,,,nur,je,Nein,Dieses Angebot findest du vom 27.11. bis 03.12. in deiner Kaufland-Filiale.,2025-11-27,2025-12-03,images_kaufland/kaufland_offer_438.jpg
,Weihnachtssweatpullover für Kinder »Kaufland«,7.99,,,nur,je,Nein,Dieses Angebot findest du vom 27.11. bis 03.12. in deiner Kaufland-Filiale.,2025-11-27,2025-12-03,images_kaufland/kaufland_offer_439.jpg
HIP&HOPPS®,Kinder-Strickmütze,3.99,,,nur,je,Nein,Dieses Angebot findest du vom 27.11. bis 03.12. in deiner Kaufland-Filiale.,2025-11-27,2025-12-03,images_kaufland/kaufland_offer_440.jpg
HIP&HOPPS®,Kinder-Thermosocken,2.99,,,nur,je 2 Paar,Nein,Dieses Angebot findest du vom 27.11. bis 03.12. in deiner Kaufland-Filiale.,2025-11-27,2025-12-03,images_kaufland/kaufland_offer_441.jpg
KUNIBOO®,Kinder-Thermosocken mit ABS,1.99,,,nur,je 2 Paar,Nein,Dieses Angebot findest du vom 27.11. bis 03.12. in deiner Kaufland-Filiale.,2025-11-27,2025-12-03,images_kaufland/kaufland_offer_443.jpg
LIV&BO®,Feinbiber-Bettwäsche-Set ca. 135 x 200 cm,9.99,,,nur,je 2-teilig,Nein,Dieses Angebot findest du vom 27.11. bis 03.12. in deiner Kaufland-Filiale.,2025-11-27,2025-12-03,images_kaufland/kaufland_offer_445.jpg
LIV&BO®,Feinbiber-Bettwäsche-Set ca. 155 x 220 cm,12.99,,,nur,je 2-teilig,Nein,Dieses Angebot findest du vom 27.11. bis 03.12. in deiner Kaufland-Filiale.,2025-11-27,2025-12-03,images_kaufland/kaufland_offer_446.jpg
,Papierstern,1.00,,,nur,je,Nein,Dieses Angebot findest du vom 27.11. bis 03.12. in deiner Kaufland-Filiale.,2025-11-27,2025-12-03,images_kaufland/kaufland_offer_447.jpg
,Deko-Aufsteller Tanne auf Baumstamm,2.00,,,nur,je,Nein,Dieses Angebot findest du vom 27.11. bis 03.12. in deiner Kaufland-Filiale.,2025-11-27,2025-12-03,images_kaufland/kaufland_offer_448.jpg
,Weihnachtsmütze,2.00,,,nur,je,Nein,Dieses Angebot findest du vom 27.11. bis 03.12. in deiner Kaufland-Filiale.,2025-11-27,2025-12-03,images_kaufland/kaufland_offer_449.jpg
,Dekomatte »Stern«,1.00,,,nur,je,Nein,Dieses Angebot findest du vom 27.11. bis 03.12. in deiner Kaufland-Filiale.,2025-11-27,2025-12-03,images_kaufland/kaufland_offer_450.jpg
,Geschenktasche,1.00,,,nur,je,Nein,Dieses Angebot findest du vom 27.11. bis 03.12. in deiner Kaufland-Filiale.,2025-11-27,2025-12-03,images_kaufland/kaufland_offer_451.jpg
,Gebäckteller,1.00,,,nur,je,Nein,Dieses Angebot findest du vom 27.11. bis 03.12. in deiner Kaufland-Filiale.,2025-11-27,2025-12-03,images_kaufland/kaufland_offer_452.jpg
,Gebäckdose,2.00,,,nur,je,Nein,Dieses Angebot findest du vom 27.11. bis 03.12. in deiner Kaufland-Filiale.,2025-11-27,2025-12-03,images_kaufland/kaufland_offer_453.jpg
,Metalldose,1.00,,,nur,je,Nein,Dieses Angebot findest du vom 27.11. bis 03.12. in deiner Kaufland-Filiale.,2025-11-27,2025-12-03,images_kaufland/kaufland_offer_454.jpg
,Deko-Stern XL,2.00,,,nur,je,Nein,Dieses Angebot findest du vom 27.11. bis 03.12. in deiner Kaufland-Filiale.,2025-11-27,2025-12-03,images_kaufland/kaufland_offer_455.jpg
,Christbaumkugeln,2.00,,,nur,je 24-St.-Packg.,Nein,Dieses Angebot findest du vom 27.11. bis 03.12. in deiner Kaufland-Filiale.,2025-11-27,2025-12-03,images_kaufland/kaufland_offer_456.jpg
MATTEL,HOT WHEELS Monster Truck »Bone Shaker«,9.99,UVP16.99,,-41%,je,Nein,Dieses Angebot findest du vom 27.11. bis 03.12. in deiner Kaufland-Filiale.,2025-11-27,2025-12-03,images_kaufland/kaufland_offer_480.jpg
MATTEL,HOT WHEELS Monster Truck,11.99,UVP24.99,,-52%,je,Nein,Dieses Angebot findest du vom 27.11. bis 03.12. in deiner Kaufland-Filiale.,2025-11-27,2025-12-03,images_kaufland/kaufland_offer_481.jpg
LANGEWIESCHE,Butterschinken,1.19,,,nur,je 100 g,Nein,Dieses Angebot findest du vom 01.12. bis 03.12. in deiner Kaufland-Filiale.,2025-12-01,2025-12-03,images_kaufland/kaufland_offer_556.jpg
K-PURLAND,Geschnetzeltes Gyros Art XXL,"4.79
*",,1 kg = 5.99,nur,je 800-g-Großpackg.,Nein,Dieses Angebot findest du vom 01.12. bis 03.12. in deiner Kaufland-Filiale.,2025-12-01,2025-12-03,images_kaufland/kaufland_offer_557.jpg
,Quarkbällchen,0.22,0.29,,-24%,je Stück,Nein,Dieses Angebot findest du vom 01.12. bis 03.12. in deiner Kaufland-Filiale.,2025-12-01,2025-12-03,images_kaufland/kaufland_offer_558.jpg
,"Ital. Tafeläpfel, rot",1.99,2.49,,-20%,je 1-kg-Schale,Nein,Dieses Angebot findest du vom 01.12. bis 03.12. in deiner Kaufland-Filiale.,2025-12-01,2025-12-03,images_kaufland/kaufland_offer_559.jpg
,Span. Staudensellerie,0.99,1.49,,-33%,je Stück,Nein,Dieses Angebot findest du vom 01.12. bis 03.12. in deiner Kaufland-Filiale.,2025-12-01,2025-12-03,images_kaufland/kaufland_offer_560.jpg
GUTFRIED,Hähnchen- oder Putenbrust,1.59,2.49,1 kg = 15.90,-36%,je 100-g-Packg.,Nein,Dieses Angebot findest du vom 01.12. bis 03.12. in deiner Kaufland-Filiale.,2025-12-01,2025-12-03,images_kaufland/kaufland_offer_562.jpg
MÜLLER,Reine Buttermilch,0.69,0.99,1 kg = 1.38,-30%,je 500-g-Fl.,Nein,Dieses Angebot findest du vom 01.12. bis 03.12. in deiner Kaufland-Filiale.,2025-12-01,2025-12-03,images_kaufland/kaufland_offer_568.jpg
DANONE,Actimel Drink XXL,"2.99
*",,1 kg = 2.50,nur,je 12 x 100-g-Packg.,Nein,Dieses Angebot findest du vom 01.12. bis 03.12. in deiner Kaufland-Filiale.,2025-12-01,2025-12-03,images_kaufland/kaufland_offer_569.jpg
K-CLASSIC,Sauermilchkäse weniger als 1 % Fett,1.49,1.99,1 kg = 7.45,-25%,je 200-g-Packg.,Nein,Dieses Angebot findest du vom 01.12. bis 03.12. in deiner Kaufland-Filiale.,2025-12-01,2025-12-03,images_kaufland/kaufland_offer_570.jpg
DEUTSCHE SEE,Thunfisch,1.99,2.79,1 kg = 10.76 - 17.77,-28%,je 115 - 185- oder 2 x 80-g-Dose,Nein,Dieses Angebot findest du vom 01.12. bis 03.12. in deiner Kaufland-Filiale.,2025-12-01,2025-12-03,images_kaufland/kaufland_offer_572.jpg
K-CLASSIC,Mayonnaise,1.39,1.69,1 l = 2.78,-17%,je 500-ml-Fl.,Nein,Dieses Angebot findest du vom 01.12. bis 03.12. in deiner Kaufland-Filiale.,2025-12-01,2025-12-03,images_kaufland/kaufland_offer_573.jpg
K-CLASSIC,Haferflocken,0.49,0.69,1 kg = 0.98,-28%,je 500-g-Packg.,Nein,Dieses Angebot findest du vom 01.12. bis 03.12. in deiner Kaufland-Filiale.,2025-12-01,2025-12-03,images_kaufland/kaufland_offer_574.jpg
STARBUCKS,Kaffeekapseln,3.33,,1 kg = 58.43 - 62.83,nur,je 10 St. = 53 - 57-g-Packg.,Nein,Dieses Angebot findest du vom 01.12. bis 03.12. in deiner Kaufland-Filiale.,2025-12-01,2025-12-03,images_kaufland/kaufland_offer_575.jpg
"AFTER EIGHT, SMARTIES oder",KITKAT Weihnachtsmann,1.99,,1 kg = 23.42,nur,je 85-g-Stück,Nein,Dieses Angebot findest du vom 01.12. bis 03.12. in deiner Kaufland-Filiale.,2025-12-01,2025-12-03,images_kaufland/kaufland_offer_577.jpg
HARIBO,Fruchtgummi-Minis Portionspackungen,1.69,2.49,1 kg = 6.76 - 7.69,-32%,je 220 - 250-g-Packg.,Nein,Dieses Angebot findest du vom 01.12. bis 03.12. in deiner Kaufland-Filiale.,2025-12-01,2025-12-03,images_kaufland/kaufland_offer_578.jpg
PAULANER,Spezi oder Limo,0.59,,1 l = 1.79,nur,"je 0,33-l-Dose",Nein,Dieses Angebot findest du vom 01.12. bis 03.12. in deiner Kaufland-Filiale.,2025-12-01,2025-12-03,images_kaufland/kaufland_offer_579.jpg
ACQUA PANNA oder,S.PELLEGRINO Mineralwasser,0.79,,,nur,je 1-l-PET-Fl.,Nein,Dieses Angebot findest du vom 01.12. bis 03.12. in deiner Kaufland-Filiale.,2025-12-01,2025-12-03,images_kaufland/kaufland_offer_580.jpg
ECHTER NORDHÄUSER,Reiche Ernte,4.99,,1 l = 9.98,nur,"je 0,5-l-Fl.",Nein,Dieses Angebot findest du vom 01.12. bis 03.12. in deiner Kaufland-Filiale.,2025-12-01,2025-12-03,images_kaufland/kaufland_offer_581.jpg
ABSOLUT,Vodka,9.99,,1 l = 14.28,nur,"je 0,7-l-Fl.",Nein,Dieses Angebot findest du vom 01.12. bis 03.12. in deiner Kaufland-Filiale.,2025-12-01,2025-12-03,images_kaufland/kaufland_offer_583.jpg
MM EXTRA,Sekt,2.79,,1 l = 3.72,nur,"je 0,75-l-Fl.",Nein,Dieses Angebot findest du vom 01.12. bis 03.12. in deiner Kaufland-Filiale.,2025-12-01,2025-12-03,images_kaufland/kaufland_offer_585.jpg
CARLSBERG,Premium Lager Beer,14.44,19.99,1 l = 1.45,-27%,"je Ka. 20 x 0,5-l-Fl.",Nein,Dieses Angebot findest du vom 01.12. bis 03.12. in deiner Kaufland-Filiale.,2025-12-01,2025-12-03,images_kaufland/kaufland_offer_586.jpg
WC FRISCH,Reinigungsgel,1.49,1.95,1 l = 1.99,-23%,je 750-ml-Fl.,Nein,Dieses Angebot findest du vom 01.12. bis 03.12. in deiner Kaufland-Filiale.,2025-12-01,2025-12-03,images_kaufland/kaufland_offer_590.jpg
MANNER,Waffeln Mignon oder Herzen,2.99,,1 kg = 9.97,nur,je 300-g-Beutel,Nein,Dieses Angebot findest du vom 01.12. bis 03.12. in deiner Kaufland-Filiale.,2025-12-01,2025-12-03,images_kaufland/kaufland_offer_591.jpg
,Niederl./belg. Tafelbirnen,"1.99
*",,1 kg = 1.33,nur,"je 1,5-kg-Packg.",Nein,Dieses Angebot findest du vom 01.12. bis 03.12. in deiner Kaufland-Filiale.,2025-12-01,2025-12-03,images_kaufland/kaufland_offer_592.jpg
