Produkt,Marke,Preis,Vorheriger Preis,Preis_kg,Hinweis,Nur_online,Gueltig_raw,Gueltig_von,Gueltig_bis
Not For Everybody Woman EdT,Bruno Banani,"€ 10,49",Kein vorheriger Preis,"€ 349,67 / l -",Details im Prospekt,Nein,13.10. - 17.10.,2025-10-13,2025-10-17
Schauma Kur 5&5,Schwarzkopf,"€ 2,79",Kein vorheriger Preis,"€ 9,30 / l -",Details im Prospekt,Nein,13.10. - 17.10.,2025-10-13,2025-10-17
Magic Retouch Sofort Ansatz-Kaschierspray,L'Oréal Paris,"€ 5,99",Kein vorheriger Preis,"€ 79,87 / l -",Details im Prospekt,Nein,13.10. - 17.10.,2025-10-13,2025-10-17
Shampoo,Weleda,"€ 5,59",Kein vorheriger Preis,"€ 22,36 / l -",Details im Prospekt,Nein,13.10. - 17.10.,2025-10-13,2025-10-17
Gefriergetrocknete Früchte,Genuss Plus,"€ 2,49",Kein vorheriger Preis,"€ 124,50 / kg -",20 - 25 g,Nein,13.10. - 17.10.,2025-10-13,2025-10-17
Gliss Night Sprühnebel,Schwarzkopf,"€ 6,99",Kein vorheriger Preis,"€ 69,90 / l -",Details im Prospekt,Nein,13.10. - 17.10.,2025-10-13,2025-10-17
Gran Reserva,Viña El Vago,"€ 4,49",Kein vorheriger Preis,"€ 5,99 / l -","0,75 Liter",Nein,13.10. - 17.10.,2025-10-13,2025-10-17
Vitamin C Glowy UV Over Make-up Sonnenspray LSF 50+,Garnier,"€ 7,99",Kein vorheriger Preis,"€ 106,53 / l -",Details im Prospekt,Nein,13.10. - 17.10.,2025-10-13,2025-10-17
Anti-Age Hyaluron Feuchtigkeitscreme,Nivea For Men,"€ 11,99",Kein vorheriger Preis,"€ 239,80 / l -",Details im Prospekt,Nein,13.10. - 17.10.,2025-10-13,2025-10-17
Cellular Expert Filler Augen & Lippen Konturpflege,Nivea,"€ 14,99",Kein vorheriger Preis,"€ 999,33 / l -",Details im Prospekt,Nein,13.10. - 17.10.,2025-10-13,2025-10-17
Bad Total Zitrus,Biff,"€ 1,99",Kein vorheriger Preis,"€ 2,65 / l -",Details im Prospekt,Nein,13.10. - 17.10.,2025-10-13,2025-10-17
Proteinpulver Iced Coffee Dark Cookie Crumble,More Nutrition,"€ 15,99",Kein vorheriger Preis,"€ 53,30 / kg -",oder Dark Chocolate Lover je 300 g,Nein,13.10. - 17.10.,2025-10-13,2025-10-17
Q10 Straffende Body Milk,Nivea,"€ 6,49",Kein vorheriger Preis,"€ 16,22 / l -",Details im Prospekt,Nein,13.10. - 17.10.,2025-10-13,2025-10-17
Protein-Riegel White Chocolate,Fulfil,"€ 1,59",Kein vorheriger Preis,"€ 39,75 / kg -",40 g,Nein,13.10. - 17.10.,2025-10-13,2025-10-17
Man EdT,La Rive,"€ 5,99",Kein vorheriger Preis,"€ 59,90 / l -",Details im Prospekt,Nein,13.10. - 17.10.,2025-10-13,2025-10-17
Tonie Hörspielfigur,Keine Marke,"€ 16,99",Kein vorheriger Preis,"€ 16,99 / Stk -",Details im Prospekt,Nein,13.10. - 17.10.,2025-10-13,2025-10-17
Bodylotion,Isana,"€ 1,99",Kein vorheriger Preis,"€ 6,63 / l -",Details im Prospekt,Nein,13.10. - 17.10.,2025-10-13,2025-10-17
Haarbürste,For your Beauty,"€ 3,79",Kein vorheriger Preis,"€ 3,79 / Stk -","HINWEIS: MIT ROSSMANN APP COUPON 3.04, Details im Prospekt",Nein,13.10. - 17.10.,2025-10-13,2025-10-17
Special Hair & Body Shampoo,John Player,"€ 3,29",Kein vorheriger Preis,"€ 6,58 / l -",Details im Prospekt,Nein,13.10. - 17.10.,2025-10-13,2025-10-17
Recycelte Wokpfanne,Rossmann Ideen Welt,"€ 16,99",Kein vorheriger Preis,"€ 16,99 / Stk -",Details im Prospekt,Nein,13.10. - 17.10.,2025-10-13,2025-10-17
Spülmaschinen­caps 5 in 1,Somat,"€ 6,99",Kein vorheriger Preis,"€ 0,17 / Stk -",Details im Prospekt,Nein,13.10. - 17.10.,2025-10-13,2025-10-17
Seborin Haarwasser,Schwarzkopf,"€ 2,99",Kein vorheriger Preis,"€ 7,48 / l -",Details im Prospekt,Nein,13.10. - 17.10.,2025-10-13,2025-10-17
Men Hygiene Einlagen Level 2,Tena,"€ 4,79",Kein vorheriger Preis,"€ 0,40 / Stk -",Details im Prospekt,Nein,13.10. - 17.10.,2025-10-13,2025-10-17
Topfuntersetzer,Rossmann Ideen Welt,"€ 3,99",Kein vorheriger Preis,"€ 3,99 / Stk -",Details im Prospekt,Nein,13.10. - 17.10.,2025-10-13,2025-10-17
Taxofit Zink 15 + Histidin + Vitamin C + Selen,Klosterfrau,"€ 3,69",Kein vorheriger Preis,"€ 0,09 / Stk -",Details im Prospekt,Nein,13.10. - 17.10.,2025-10-13,2025-10-17
Dipschalen-Set,Rossmann Ideen Welt,"€ 6,99",Kein vorheriger Preis,"€ 6,99 / Stk -",Details im Prospekt,Nein,13.10. - 17.10.,2025-10-13,2025-10-17
Isana Med Körpermilch 10% Urea,Isana Med,"€ 1,89",Kein vorheriger Preis,"€ 7,56 / l -",Details im Prospekt,Nein,13.10. - 17.10.,2025-10-13,2025-10-17
Celebrations,Mars,"€ 2,79","€ 4,49","€ 15,00 / kg -",186 g,Nein,13.10. - 17.10.,2025-10-13,2025-10-17
Deospray Advanced Care,Dove,"€ 2,79",Kein vorheriger Preis,"€ 18,60 / l -",Details im Prospekt,Nein,13.10. - 17.10.,2025-10-13,2025-10-17
Messbecher,Flink & Sauber,"€ 5,99","€ 7,99","€ 5,99 / Stk -",Details im Prospekt,Nein,13.10. - 17.10.,2025-10-13,2025-10-17
Glasauflaufform,Rossmann Ideen Welt,"€ 7,99",Kein vorheriger Preis,"€ 7,99 / Stk -",Details im Prospekt,Nein,13.10. - 17.10.,2025-10-13,2025-10-17
Bratpfanne 20 cm,Rossmann Ideen Welt,"€ 9,99",Kein vorheriger Preis,"€ 9,99 / Stk -",Details im Prospekt – Preis variiert je nach Größe und Variante,Nein,13.10. - 17.10.,2025-10-13,2025-10-17
Simply Venus Einwegrasierer Value Pack,Gillette,"€ 1,79",Kein vorheriger Preis,"€ 0,30 / Stk -",Details im Prospekt,Nein,13.10. - 17.10.,2025-10-13,2025-10-17
Sauerteig-Starterset,Rossmann Ideen Welt,"€ 7,99",Kein vorheriger Preis,"€ 7,99 / Stk -",Details im Prospekt,Nein,13.10. - 17.10.,2025-10-13,2025-10-17
Adventskalender Bibi & Tina,Craze,"€ 19,99","€ 29,99","€ 19,99 / Stk -",Details im Prospekt,Nein,13.10. - 17.10.,2025-10-13,2025-10-17
Fusion5 Proglide Flexball Rasierklingen,Gillette,"€ 46,99",Kein vorheriger Preis,"€ 2,61 / Stk -",Details im Prospekt,Nein,13.10. - 17.10.,2025-10-13,2025-10-17
Reinigungstücher,Bebe,"€ 1,99",Kein vorheriger Preis,"€ 0,08 / Stk -",Details im Prospekt,Nein,13.10. - 17.10.,2025-10-13,2025-10-17
Elektrische Zahnbürste Motion,Prokudent,"€ 9,99","€ 11,99","€ 9,99 / Stk -",Details im Prospekt,Nein,13.10. - 17.10.,2025-10-13,2025-10-17
Knoppers Riegel,Storck,"€ 1,69",Kein vorheriger Preis,"€ 8,45 / kg -",5er-Pack 200 g oder Milka Choco Wafer 150 g,Nein,13.10. - 17.10.,2025-10-13,2025-10-17
Sonicare Aufsteckzahnbürste Optimal White,Philips,"€ 27,99",Kein vorheriger Preis,"€ 7,00 / Stk -",Details im Prospekt,Nein,13.10. - 17.10.,2025-10-13,2025-10-17
Spülorganizer,Rossmann Ideen Welt,"€ 5,99",Kein vorheriger Preis,"€ 5,99 / Stk -",Details im Prospekt,Nein,13.10. - 17.10.,2025-10-13,2025-10-17
Zahnbürsten mittel,Prokudent,"€ 0,99",Kein vorheriger Preis,"€ 0,33 / Stk -",Details im Prospekt,Nein,13.10. - 17.10.,2025-10-13,2025-10-17
Squisha-long Adventskalender,Squishmallows,"€ 19,99","€ 29,99","€ 19,99 / Stk -",Details im Prospekt,Nein,13.10. - 17.10.,2025-10-13,2025-10-17
Bioniq Repair-Zahncreme Plus,Dr. Wolff,"€ 5,99",Kein vorheriger Preis,"€ 79,87 / l -",Details im Prospekt,Nein,13.10. - 17.10.,2025-10-13,2025-10-17
Shampoo,Neqi,"€ 8,99",Kein vorheriger Preis,"€ 27,24 / l -",Details im Prospekt,Nein,13.10. - 17.10.,2025-10-13,2025-10-17
Sensitive Professional Zahncreme,Elmex,"€ 5,79",Kein vorheriger Preis,"€ 77,20 / l -",Details im Prospekt,Nein,13.10. - 17.10.,2025-10-13,2025-10-17
Toilettenpapier,Softis,"€ 4,44",Kein vorheriger Preis,"€ 0,49 / Stk -",Details im Prospekt,Nein,13.10. - 17.10.,2025-10-13,2025-10-17
Waschmittel Pulver,Persil,"€ 9,49",Kein vorheriger Preis,"€ 0,19 / Stk -",Details im Prospekt,Nein,13.10. - 17.10.,2025-10-13,2025-10-17
Elektrischer Dosenöffner,Rossmann Ideen Welt,"€ 14,99",Kein vorheriger Preis,"€ 14,99 / Stk -",Details im Prospekt,Nein,13.10. - 17.10.,2025-10-13,2025-10-17
Regenmacher,Babydream,"€ 4,99","€ 5,99","€ 4,99 / Stk -",Details im Prospekt,Nein,13.10. - 17.10.,2025-10-13,2025-10-17
Zahncreme Original,Odol-Med 3,"€ 0,99",Kein vorheriger Preis,"€ 13,20 / l -",Details im Prospekt,Nein,13.10. - 17.10.,2025-10-13,2025-10-17
Heißluftfritteusen-Einsatz,Rossmann Ideen Welt,"€ 4,99",Kein vorheriger Preis,"€ 4,99 / Stk -",Details im Prospekt,Nein,13.10. - 17.10.,2025-10-13,2025-10-17
Alkaline Batterien Longlife Power Mignon AA,Varta,"€ 3,99","€ 4,99","€ 1,00 / Stk -",Details im Prospekt,Nein,13.10. - 17.10.,2025-10-13,2025-10-17
Fluffy Monster Luv-A-Boos,Rossmann Ideen Welt,"€ 4,99",Kein vorheriger Preis,"€ 4,99 / Stk -",Details im Prospekt,Nein,13.10. - 17.10.,2025-10-13,2025-10-17
Tierset,Rossmann Ideen Welt,"€ 9,99",Kein vorheriger Preis,"€ 9,99 / Stk -",Details im Prospekt,Nein,13.10. - 17.10.,2025-10-13,2025-10-17
Haarspray,Jean & Len,"€ 2,59",Kein vorheriger Preis,"€ 10,36 / l -",Details im Prospekt,Nein,13.10. - 17.10.,2025-10-13,2025-10-17
Sanitas Oberarmblutdruckmessgerät SBM 41,Rossmann Ideen Welt,"€ 19,99",Kein vorheriger Preis,"€ 19,99 / Stk -",Details im Prospekt,Nein,13.10. - 17.10.,2025-10-13,2025-10-17
Damen Strickkleid,Rossmann Ideen Welt,"€ 14,99",Kein vorheriger Preis,"€ 14,99 / Stk -",Details im Prospekt,Nein,13.10. - 17.10.,2025-10-13,2025-10-17
Adventskalender 2025 Star Wars 75418,LEGO,"€ 27,99","€ 34,99","€ 27,99 / Stk -",Details im Prospekt,Nein,13.10. - 17.10.,2025-10-13,2025-10-17
Paradiso EdP,Roberto Cavalli,"€ 29,99","€ 49,95","€ 599,80 / l -",Details im Prospekt,Nein,13.10. - 17.10.,2025-10-13,2025-10-17
Maiskugeln,Billy Tiger,"€ 0,89","€ 0,99","€ 17,80 / kg -",Mix 50 g,Nein,13.10. - 17.10.,2025-10-13,2025-10-17
Woman EdP,Elle L'Edition,"€ 19,99","€ 26,95","€ 666,33 / l -",Details im Prospekt,Nein,13.10. - 17.10.,2025-10-13,2025-10-17
Green Tea EdT,Elizabeth Arden,"€ 11,99","€ 17,95","€ 239,80 / l -",Details im Prospekt,Nein,13.10. - 17.10.,2025-10-13,2025-10-17
Adventskalender Stitch,Funko,"€ 24,99","€ 29,99","€ 24,99 / Stk -",Details im Prospekt,Nein,13.10. - 17.10.,2025-10-13,2025-10-17
1881 Pour Femme EdT,Cerruti,"€ 28,99","€ 54,95","€ 289,90 / l -",Details im Prospekt,Nein,13.10. - 17.10.,2025-10-13,2025-10-17
Casmir EdP,Chopard,"€ 19,99","€ 22,95","€ 666,33 / l -",Details im Prospekt,Nein,13.10. - 17.10.,2025-10-13,2025-10-17
Weichspüler Konzentrat,Vernel,"€ 1,49",Kein vorheriger Preis,"€ 0,04 / Stk -",Details im Prospekt,Nein,13.10. - 17.10.,2025-10-13,2025-10-17
Trinklernflasche Natural Response,Philips Avent,"€ 8,49",Kein vorheriger Preis,"€ 8,49 / Stk -",Details im Prospekt,Nein,13.10. - 17.10.,2025-10-13,2025-10-17
Scenting Experience Inspired Woman EdP,Mexx,"€ 19,99",Kein vorheriger Preis,"€ 399,80 / l -",Details im Prospekt,Nein,13.10. - 17.10.,2025-10-13,2025-10-17
Wild Flower EDP,LeGer,"€ 13,99",Kein vorheriger Preis,"€ 466,33 / l -",Details im Prospekt,Nein,13.10. - 17.10.,2025-10-13,2025-10-17
Haarspray,Syoss,"€ 4,49",Kein vorheriger Preis,"€ 11,22 / l -",Details im Prospekt,Nein,13.10. - 17.10.,2025-10-13,2025-10-17
Cashew Bruch,enerBiO,"€ 5,39",Kein vorheriger Preis,"€ 10,78 / kg -",500 g,Nein,13.10. - 17.10.,2025-10-13,2025-10-17
Edición Oro EdP,Jorge Gonzalez,"€ 8,99","€ 14,95","€ 1,00 / l -",Details im Prospekt,Nein,13.10. - 17.10.,2025-10-13,2025-10-17
Woman EdP,Carlo Colucci,"€ 29,99","€ 39,95","€ 299,90 / l -",Details im Prospekt,Nein,13.10. - 17.10.,2025-10-13,2025-10-17
Blade Adventskalender,Craze,"€ 24,99","€ 29,99","€ 24,99 / Stk -",Details im Prospekt,Nein,13.10. - 17.10.,2025-10-13,2025-10-17
Tommy Girl EdT,Tommy Hilfiger,"€ 24,99","€ 49,95","€ 499,80 / l -",Details im Prospekt,Nein,13.10. - 17.10.,2025-10-13,2025-10-17
Adventskalender Bluey,Moose Toys,"€ 19,99","€ 26,99","€ 19,99 / Stk -",Details im Prospekt,Nein,13.10. - 17.10.,2025-10-13,2025-10-17
Sunflowers EdT,Elizabeth Arden,"€ 12,99","€ 31,95","€ 129,90 / l -",Details im Prospekt,Nein,13.10. - 17.10.,2025-10-13,2025-10-17
Adventskalender,Paw Patrol,"€ 22,99","€ 29,99","€ 22,99 / Stk -",Details im Prospekt,Nein,13.10. - 17.10.,2025-10-13,2025-10-17
Shampoo,Herbal Essences,"€ 3,29",Kein vorheriger Preis,"€ 9,40 / l -",Details im Prospekt,Nein,13.10. - 17.10.,2025-10-13,2025-10-17
Statement for Men EdT,Etienne Aigner,"€ 12,99",Kein vorheriger Preis,"€ 103,92 / l -",Details im Prospekt,Nein,13.10. - 17.10.,2025-10-13,2025-10-17
Herren EdT,Adidas,"€ 5,99",Kein vorheriger Preis,"€ 59,90 / l -",Details im Prospekt,Nein,13.10. - 17.10.,2025-10-13,2025-10-17
Body milk,Jean & Len,"€ 3,49",Kein vorheriger Preis,"€ 13,96 / l -",Details im Prospekt,Nein,13.10. - 17.10.,2025-10-13,2025-10-17
Dusche,Playboy,"€ 2,29",Kein vorheriger Preis,"€ 9,16 / l -",Details im Prospekt,Nein,13.10. - 17.10.,2025-10-13,2025-10-17
Live Coloration,Schwarzkopf,"€ 6,99",Kein vorheriger Preis,"€ 6,99 / Stk -",Details im Prospekt,Nein,13.10. - 17.10.,2025-10-13,2025-10-17
Maxi Wattepads,Isana,"€ 0,59","€ 0,79","€ 0,01 / Stk -","HINWEIS: MIT ROSSMANN APP COUPON 0.48, Details im Prospekt",Nein,13.10. - 17.10.,2025-10-13,2025-10-17
Tampons Super,Facelle,"€ 1,99",Kein vorheriger Preis,"€ 0,04 / Stk -",Details im Prospekt,Nein,13.10. - 17.10.,2025-10-13,2025-10-17
Urea Cica Repair+ Body Milk,Mixa,"€ 3,49",Kein vorheriger Preis,"€ 13,96 / l -",Details im Prospekt,Nein,13.10. - 17.10.,2025-10-13,2025-10-17
Miracles Ölspray 7in1 Spray,Pantene Pro-V,"€ 7,99",Kein vorheriger Preis,"€ 55,10 / l -",Details im Prospekt,Nein,13.10. - 17.10.,2025-10-13,2025-10-17
Hafer Drink Natur,enerBiO,"€ 0,89",Kein vorheriger Preis,"€ 0,89 / l -",0% Zucker oder Natur je 1 Liter,Nein,13.10. - 17.10.,2025-10-13,2025-10-17
Brillance Coloration,Schwarzkopf,"€ 4,99",Kein vorheriger Preis,"€ 4,99 / Stk -",Details im Prospekt,Nein,13.10. - 17.10.,2025-10-13,2025-10-17
Excellence Creme Coloration,L'Oréal Paris,"€ 5,99",Kein vorheriger Preis,"€ 5,99 / Stk -",Details im Prospekt,Nein,13.10. - 17.10.,2025-10-13,2025-10-17
Badreiniger-Spray,Sagrotan,"€ 2,79",Kein vorheriger Preis,"€ 3,72 / l -",Details im Prospekt,Nein,13.10. - 17.10.,2025-10-13,2025-10-17
Syrah & Garnacha,Alas del Real,"€ 3,99",Kein vorheriger Preis,"€ 5,32 / l -","0,75 Liter",Nein,13.10. - 17.10.,2025-10-13,2025-10-17
Vollwaschmittel,Domol,"€ 2,99",Kein vorheriger Preis,"€ 0,15 / Stk -",Details im Prospekt,Nein,13.10. - 17.10.,2025-10-13,2025-10-17
Skin Active Vitamin C 2in1 Glow Booster Serum Crème LSF 25,Garnier,"€ 7,99",Kein vorheriger Preis,"€ 159,80 / l -",Details im Prospekt,Nein,13.10. - 17.10.,2025-10-13,2025-10-17
WC-Reiniger,Domol,"€ 1,19",Kein vorheriger Preis,"€ 1,59 / l -",Details im Prospekt,Nein,13.10. - 17.10.,2025-10-13,2025-10-17
Slipeinlagen Comfort Pockets,Facelle,"€ 0,99",Kein vorheriger Preis,"€ 0,03 / Stk -",Details im Prospekt,Nein,13.10. - 17.10.,2025-10-13,2025-10-17
Big Block Protein-Riegel,Power System,"€ 2,49",Kein vorheriger Preis,"€ 24,90 / kg -",100 g,Nein,13.10. - 17.10.,2025-10-13,2025-10-17
Chocolate Bar Salted Peanut Caramel,Ahead,"€ 1,39",Kein vorheriger Preis,"€ 39,71 / kg -",35 g,Nein,13.10. - 17.10.,2025-10-13,2025-10-17
Dominosteine,Schulte Feingebäck,"€ 1,49",Kein vorheriger Preis,"€ 11,92 / kg -",oder Kinkartz Domino Star je 125 g,Nein,13.10. - 17.10.,2025-10-13,2025-10-17
Spiralalbum Ocke,Keine Marke,"€ 4,99",Kein vorheriger Preis,"€ 4,99 / Stk -",Details im Prospekt,Nein,13.10. - 17.10.,2025-10-13,2025-10-17
Elvital Shampoo,L'Oréal Paris,"€ 2,99",Kein vorheriger Preis,"€ 14,95 / l -",Details im Prospekt,Nein,13.10. - 17.10.,2025-10-13,2025-10-17
Sanfte Reinigungsmilch,Nivea,"€ 3,33",Kein vorheriger Preis,"€ 16,65 / l -",Details im Prospekt,Nein,13.10. - 17.10.,2025-10-13,2025-10-17
Barista Kaffeekapseln,Jacobs,"€ 4,44",Kein vorheriger Preis,"€ 42,69 / kg -",20 Stück/104 g oder Tassimo 8 - 16 Tassen/ 128 - 268 g,Nein,13.10. - 17.10.,2025-10-13,2025-10-17
Derma Control Deo Roll-on,Nivea,"€ 2,99",Kein vorheriger Preis,"€ 59,80 / l -",Details im Prospekt,Nein,13.10. - 17.10.,2025-10-13,2025-10-17
Luminous Skin Glow Instant Glow Serum,Nivea,"€ 13,49",Kein vorheriger Preis,"€ 449,67 / l -",Details im Prospekt,Nein,13.10. - 17.10.,2025-10-13,2025-10-17
Nonstop Protection Deospray,Rexona,"€ 2,69",Kein vorheriger Preis,"€ 17,93 / l -",Details im Prospekt,Nein,13.10. - 17.10.,2025-10-13,2025-10-17
Glaswasserkocher,Rossmann Ideen Welt,"€ 19,99",Kein vorheriger Preis,"€ 19,99 / Stk -",Details im Prospekt,Nein,13.10. - 17.10.,2025-10-13,2025-10-17
Weichspüler,Lenor,"€ 2,99",Kein vorheriger Preis,"€ 0,05 / Stk -",Details im Prospekt,Nein,13.10. - 17.10.,2025-10-13,2025-10-17
Dusche,Duschdas,"€ 1,39",Kein vorheriger Preis,"€ 6,18 / l -",Details im Prospekt,Nein,13.10. - 17.10.,2025-10-13,2025-10-17
Badezusatz,Tetesept,"€ 0,89",Kein vorheriger Preis,"€ 22,25 / l -","HINWEIS: MIT ROSSMANN APP COUPON 0.72, Details im Prospekt",Nein,13.10. - 17.10.,2025-10-13,2025-10-17
Oberbergener Vulkanfelsen Grauer Burgunder,Kaiserstuhl,"€ 4,99",Kein vorheriger Preis,"€ 6,65 / l -","oder Spätburgunder je 0,75 Liter",Nein,13.10. - 17.10.,2025-10-13,2025-10-17
Oneblade Rasierklingen,Philips,"€ 26,99",Kein vorheriger Preis,"€ 9,00 / Stk -",Details im Prospekt,Nein,13.10. - 17.10.,2025-10-13,2025-10-17
Soda Allzweck-Reiniger,Frosch,"€ 1,99",Kein vorheriger Preis,"€ 3,98 / l -",Details im Prospekt,Nein,13.10. - 17.10.,2025-10-13,2025-10-17
Allzweckreiniger,Der General,"€ 1,59",Kein vorheriger Preis,"€ 2,12 / l -",Details im Prospekt,Nein,13.10. - 17.10.,2025-10-13,2025-10-17
Resveratrol Lifting Cream,M. Asam,"€ 24,99",Kein vorheriger Preis,"€ 499,80 / l -",Details im Prospekt,Nein,13.10. - 17.10.,2025-10-13,2025-10-17
Schneidebrett,Rossmann Ideen Welt,"€ 3,99",Kein vorheriger Preis,"€ 3,99 / Stk -",Details im Prospekt,Nein,13.10. - 17.10.,2025-10-13,2025-10-17
Dampfgareinsatz,Rossmann Ideen Welt,"€ 6,99",Kein vorheriger Preis,"€ 6,99 / Stk -",Details im Prospekt,Nein,13.10. - 17.10.,2025-10-13,2025-10-17
Leporello Adventskalender,Pixi,"€ 20,00",Kein vorheriger Preis,"€ 20,00 / Stk -",Details im Prospekt,Nein,13.10. - 17.10.,2025-10-13,2025-10-17
Intensiv Handcreme Urea,Isana,"€ 0,99",Kein vorheriger Preis,"€ 9,90 / l -",Details im Prospekt,Nein,13.10. - 17.10.,2025-10-13,2025-10-17
Blue 3 Smooth Einwegrasierer,Gillette,"€ 3,49",Kein vorheriger Preis,"€ 0,58 / Stk -",Details im Prospekt,Nein,13.10. - 17.10.,2025-10-13,2025-10-17
Dauerbackmatte,Rossmann Ideen Welt,"€ 5,99",Kein vorheriger Preis,"€ 3,00 / Stk -",Details im Prospekt,Nein,13.10. - 17.10.,2025-10-13,2025-10-17
Urea Intensivcreme,Fusswohl,"€ 1,79","€ 1,99","€ 23,87 / l -",Details im Prospekt,Nein,13.10. - 17.10.,2025-10-13,2025-10-17
Raffaello Tafelschokolade,Ferrero,"€ 1,49","€ 2,29","€ 16,56 / kg -",90 g,Nein,13.10. - 17.10.,2025-10-13,2025-10-17
Keramik-Reibe,Rossmann Ideen Welt,"€ 4,99",Kein vorheriger Preis,"€ 4,99 / Stk -",Details im Prospekt,Nein,13.10. - 17.10.,2025-10-13,2025-10-17
Shampoo,Swiss O Par,"€ 1,95",Kein vorheriger Preis,"€ 7,80 / l -",Details im Prospekt,Nein,13.10. - 17.10.,2025-10-13,2025-10-17
CS 5460 Ultra Soft Zahnbürste,Curaprox,"€ 13,99",Kein vorheriger Preis,"€ 4,66 / Stk -",Details im Prospekt,Nein,13.10. - 17.10.,2025-10-13,2025-10-17
Poésie Katzenfutter,Vitakraft,"€ 3,99",Kein vorheriger Preis,"€ 3,91 / kg -",Multipack 12 x 85 g oder 8in1 Flavours Hund Snacks 113 g,Nein,13.10. - 17.10.,2025-10-13,2025-10-17
Edelstahlsieb,Rossmann Ideen Welt,"€ 6,99",Kein vorheriger Preis,"€ 6,99 / Stk -",Details im Prospekt,Nein,13.10. - 17.10.,2025-10-13,2025-10-17
Bio Quetschen,Babydream,"€ 2,09",Kein vorheriger Preis,"€ 5,22 / kg -",4 x 100 g,Nein,13.10. - 17.10.,2025-10-13,2025-10-17
Pro Schmelz Zahncreme,Sensodyne,"€ 4,25",Kein vorheriger Preis,"€ 56,67 / l -",Details im Prospekt,Nein,13.10. - 17.10.,2025-10-13,2025-10-17
LED-Teelichte Wachsoptik,Rossmann Ideen Welt,"€ 4,99",Kein vorheriger Preis,"€ 1,25 / Stk -",Details im Prospekt,Nein,13.10. - 17.10.,2025-10-13,2025-10-17
Feuchtes Toilettenpapier,Cottonelle,"€ 1,19",Kein vorheriger Preis,"€ 0,03 / Stk -",Details im Prospekt,Nein,13.10. - 17.10.,2025-10-13,2025-10-17
Elektrischer Milchaufschäumer,Rossmann Ideen Welt,"€ 19,99","€ 24,99","€ 19,99 / Stk -",Details im Prospekt,Nein,13.10. - 17.10.,2025-10-13,2025-10-17
Digitale Küchenwaage,Rossmann Ideen Welt,"€ 6,99",Kein vorheriger Preis,"€ 6,99 / Stk -",Details im Prospekt,Nein,13.10. - 17.10.,2025-10-13,2025-10-17
Kinder Zahnbürste,Signal,"€ 1,69",Kein vorheriger Preis,"€ 1,69 / Stk -",Details im Prospekt,Nein,13.10. - 17.10.,2025-10-13,2025-10-17
Glas mit Figur,Rossmann Ideen Welt,"€ 4,99",Kein vorheriger Preis,"€ 4,99 / Stk -",Details im Prospekt,Nein,13.10. - 17.10.,2025-10-13,2025-10-17
Shampoo,Jean & Len,"€ 3,49",Kein vorheriger Preis,"€ 11,63 / l -",Details im Prospekt,Nein,13.10. - 17.10.,2025-10-13,2025-10-17
Zahncreme Professional Zahnschmelz Stärkung,Oral-B,"€ 4,99",Kein vorheriger Preis,"€ 66,53 / l -",Details im Prospekt,Nein,13.10. - 17.10.,2025-10-13,2025-10-17
Feuchtes Toilettenpapier Kids,Alouette,"€ 4,88","€ 5,49","€ 1,22 / Stk -",Details im Prospekt,Nein,13.10. - 17.10.,2025-10-13,2025-10-17
Winter-Schutzhaube,Rossmann Ideen Welt,"€ 3,99",Kein vorheriger Preis,"€ 3,99 / Stk -",Details im Prospekt – Preis variiert je nach Größe und Variante,Nein,13.10. - 17.10.,2025-10-13,2025-10-17
Zahncreme Pro-Expert Professioneller Schutz,Oral-B,"€ 3,59",Kein vorheriger Preis,"€ 47,87 / l -",Details im Prospekt,Nein,13.10. - 17.10.,2025-10-13,2025-10-17
Katze Feine Pastete & Häppchen,Winston,"€ 2,59",Kein vorheriger Preis,"€ 2,16 / kg -",12 x 100 g,Nein,13.10. - 17.10.,2025-10-13,2025-10-17
Damen Kuschel-Hausschuhe,Rossmann Ideen Welt,"€ 5,99",Kein vorheriger Preis,"€ 5,99 / Stk -",Details im Prospekt,Nein,13.10. - 17.10.,2025-10-13,2025-10-17
Gesichtsmaske,Schaebens,"€ 0,55",Kein vorheriger Preis,"€ 36,67 / l -",Details im Prospekt,Nein,13.10. - 17.10.,2025-10-13,2025-10-17
Damen Cardigan,Rossmann Ideen Welt,"€ 16,99",Kein vorheriger Preis,"€ 16,99 / Stk -",Details im Prospekt,Nein,13.10. - 17.10.,2025-10-13,2025-10-17
Brit Sheer EdT,Burberry,"€ 24,99","€ 45,45","€ 833,00 / l -",Details im Prospekt,Nein,13.10. - 17.10.,2025-10-13,2025-10-17
Shampoo,Monday Haircare,"€ 4,99",Kein vorheriger Preis,"€ 14,26 / l -",Details im Prospekt,Nein,13.10. - 17.10.,2025-10-13,2025-10-17
Men Seductive Blue Homme EdT,Guess,"€ 13,59","€ 16,95","€ 453,00 / l -",Details im Prospekt,Nein,13.10. - 17.10.,2025-10-13,2025-10-17
Donna Karan Be Delicious Body Mist,DKNY,"€ 9,99","€ 19,95","€ 39,96 / l -",Details im Prospekt,Nein,13.10. - 17.10.,2025-10-13,2025-10-17
Woman EdP,DKNY,"€ 24,49","€ 37,95","€ 816,33 / l -",Details im Prospekt,Nein,13.10. - 17.10.,2025-10-13,2025-10-17
Sound Of Our Hearts EdP,Coachella,"€ 29,99",Kein vorheriger Preis,"€ 599,80 / l -",Details im Prospekt,Nein,13.10. - 17.10.,2025-10-13,2025-10-17
Adventskalender Harry Potter 76575,LEGO,"€ 25,99","€ 34,99","€ 25,99 / Stk -",Details im Prospekt,Nein,13.10. - 17.10.,2025-10-13,2025-10-17
Pour Homme EdT,Karl Lagerfeld,"€ 18,49","€ 22,95","€ 36,98 / l -","HINWEIS: MIT ROSSMANN APP COUPON 16.-, Details im Prospekt",Nein,13.10. - 17.10.,2025-10-13,2025-10-17
Shampoo,Isana,"€ 0,65",Kein vorheriger Preis,"€ 2,17 / l -",Details im Prospekt,Nein,13.10. - 17.10.,2025-10-13,2025-10-17
Man EdT,Mexx,"€ 11,49",Kein vorheriger Preis,"€ 229,80 / l -",Details im Prospekt,Nein,13.10. - 17.10.,2025-10-13,2025-10-17
Red Essence Edp,Esprit,"€ 7,49",Kein vorheriger Preis,"€ 374,50 / l -",Details im Prospekt,Nein,13.10. - 17.10.,2025-10-13,2025-10-17
Wellaflex Haarspray,Wella,"€ 2,49",Kein vorheriger Preis,"€ 9,96 / l -","HINWEIS: MIT ROSSMANN APP COUPON 2.-, Details im Prospekt",Nein,13.10. - 17.10.,2025-10-13,2025-10-17
Hot Wheels Adventskalender,Mattel Games,"€ 17,99","€ 29,99","€ 17,99 / Stk -",Details im Prospekt,Nein,13.10. - 17.10.,2025-10-13,2025-10-17
Woman EdP,Burberry,"€ 34,99","€ 43,95","€ 699,80 / l -",Details im Prospekt,Nein,13.10. - 17.10.,2025-10-13,2025-10-17
CK Everyone EdP,Calvin Klein,"€ 21,99",Kein vorheriger Preis,"€ 439,80 / l -",Details im Prospekt,Nein,13.10. - 17.10.,2025-10-13,2025-10-17
Magnesium 500 Depot,Altapharma,"€ 2,99",Kein vorheriger Preis,"€ 78,68 / kg -",Details im Prospekt,Nein,13.10. - 17.10.,2025-10-13,2025-10-17
Classic Chromite EdT,Jaguar,"€ 14,99","€ 17,95","€ 149,90 / l -",Details im Prospekt,Nein,13.10. - 17.10.,2025-10-13,2025-10-17
No 1 Pour Homme EdT,Etienne Aigner,"€ 12,99","€ 56,95","€ 259,80 / l -",Details im Prospekt,Nein,13.10. - 17.10.,2025-10-13,2025-10-17
For Him,Bench,"€ 6,99",Kein vorheriger Preis,"€ 233,00 / l -",Details im Prospekt,Nein,13.10. - 17.10.,2025-10-13,2025-10-17
Waschmittel Flüssig,Lenor,"€ 4,49",Kein vorheriger Preis,"€ 0,22 / Stk -",Details im Prospekt,Nein,13.10. - 17.10.,2025-10-13,2025-10-17
Elvital Öl Magique Haaröl,L'Oréal Paris,"€ 5,99",Kein vorheriger Preis,"€ 59,90 / l -",Details im Prospekt,Nein,13.10. - 17.10.,2025-10-13,2025-10-17
Wasserenthärter Tabs,Calgon,"€ 7,99",Kein vorheriger Preis,"€ 0,17 / Stk -",Details im Prospekt,Nein,13.10. - 17.10.,2025-10-13,2025-10-17
Deospray Sport,Fa,"€ 1,29",Kein vorheriger Preis,"€ 8,60 / l -",Details im Prospekt,Nein,13.10. - 17.10.,2025-10-13,2025-10-17
Ginkgo Gedächtnis + Konzentration,Altapharma,"€ 2,99",Kein vorheriger Preis,"€ 0,07 / Stk -",Details im Prospekt,Nein,13.10. - 17.10.,2025-10-13,2025-10-17
Gliss Kur Express-Repair-Spülung,Schwarzkopf,"€ 4,49",Kein vorheriger Preis,"€ 22,45 / l -",Details im Prospekt,Nein,13.10. - 17.10.,2025-10-13,2025-10-17
Fructis Hair Food Maske,Garnier,"€ 4,99",Kein vorheriger Preis,"€ 12,47 / l -",Details im Prospekt,Nein,13.10. - 17.10.,2025-10-13,2025-10-17
Elvital Haarmaske,L'Oréal Paris,"€ 3,49",Kein vorheriger Preis,"€ 11,63 / l -",Details im Prospekt,Nein,13.10. - 17.10.,2025-10-13,2025-10-17
Zerup,More Nutrition,"€ 4,49","€ 5,99","€ 69,08 / l -",65 ml,Nein,13.10. - 17.10.,2025-10-13,2025-10-17
Gold Brilliance Tagescreme,Isana,"€ 6,99",Kein vorheriger Preis,"€ 139,80 / l -","HINWEIS: MIT ROSSMANN APP COUPON 5.60, Details im Prospekt",Nein,13.10. - 17.10.,2025-10-13,2025-10-17
Die Aktivkost Classic,Yokebe,"€ 13,49",Kein vorheriger Preis,"€ 26,98 / kg -",500 g,Nein,13.10. - 17.10.,2025-10-13,2025-10-17
Simply Fresh Nachfüller,Domol,"€ 1,99",Kein vorheriger Preis,"€ 7,96 / l -",Details im Prospekt,Nein,13.10. - 17.10.,2025-10-13,2025-10-17
Glorioso Reserva,Bodegas Palacio,"€ 8,99",Kein vorheriger Preis,"€ 11,99 / l -","0,75 Liter",Nein,13.10. - 17.10.,2025-10-13,2025-10-17
Vitamin C Daily UV Ultraleichtes Fluid Glow LSF 50+,Garnier,"€ 10,99",Kein vorheriger Preis,"€ 274,75 / l -",Details im Prospekt,Nein,13.10. - 17.10.,2025-10-13,2025-10-17
Em-eukal Ingwer Shot Hustenbonbon,Dr. Soldan,"€ 1,69",Kein vorheriger Preis,"€ 22,53 / kg -",75 g,Nein,13.10. - 17.10.,2025-10-13,2025-10-17
Vino Organico Tinto,Las Brisas,"€ 3,99",Kein vorheriger Preis,"€ 5,32 / l -","je 0,75 Liter",Nein,13.10. - 17.10.,2025-10-13,2025-10-17
Reiniger,Cillit Bang,"€ 2,22",Kein vorheriger Preis,"€ 2,96 / l -",Details im Prospekt,Nein,13.10. - 17.10.,2025-10-13,2025-10-17
Vitalkost,Wellmix Sport,"€ 5,99","€ 6,99","€ 11,98 / kg -",500 g,Nein,13.10. - 17.10.,2025-10-13,2025-10-17
WC Aktivgel 4in1,00,"€ 1,49",Kein vorheriger Preis,"€ 1,99 / l -",Details im Prospekt,Nein,13.10. - 17.10.,2025-10-13,2025-10-17
Trüffel,Wiebold Confiserie,"€ 3,49","€ 4,99","€ 21,54 / kg -","162,5 g",Nein,13.10. - 17.10.,2025-10-13,2025-10-17
Fotokalender 2026,Keine Marke,"€ 1,99",Kein vorheriger Preis,"€ 1,99 / Stk -",Details im Prospekt,Nein,13.10. - 17.10.,2025-10-13,2025-10-17
Popsocket MagSafe Round Ripple,Keine Marke,"€ 29,99",Kein vorheriger Preis,"€ 29,99 / Stk -",Details im Prospekt,Nein,13.10. - 17.10.,2025-10-13,2025-10-17
Ganze Bohnen,Lavazza,"€ 14,99",Kein vorheriger Preis,"€ 14,99 / kg -",1 kg,Nein,13.10. - 17.10.,2025-10-13,2025-10-17
Slipeinlagen,Always,"€ 2,55",Kein vorheriger Preis,"€ 0,06 / Stk -",Details im Prospekt,Nein,13.10. - 17.10.,2025-10-13,2025-10-17
Hörspielfiguren,Tonies,"€ 16,99",Kein vorheriger Preis,"€ 16,99 / Stk -",Details im Prospekt,Nein,13.10. - 17.10.,2025-10-13,2025-10-17
Kinder Cards,Ferrero,"€ 1,99","€ 2,89","€ 15,55 / kg -",128 g,Nein,13.10. - 17.10.,2025-10-13,2025-10-17
Drehplatte,Rossmann Ideen Welt,"€ 7,99",Kein vorheriger Preis,"€ 7,99 / Stk -",Details im Prospekt,Nein,13.10. - 17.10.,2025-10-13,2025-10-17
Discreet Pants,Always,"€ 7,77",Kein vorheriger Preis,"€ 0,71 / Stk -",Details im Prospekt,Nein,13.10. - 17.10.,2025-10-13,2025-10-17
Spülmittel,Pril,"€ 1,29",Kein vorheriger Preis,"€ 2,87 / l -",Details im Prospekt,Nein,13.10. - 17.10.,2025-10-13,2025-10-17
Trebbiano Pinot Grigio,Monateo,"€ 2,99",Kein vorheriger Preis,"€ 3,99 / l -","oder Chardonnay oder Rosé oder Sangiovese Primitivo je 0,75 Liter",Nein,13.10. - 17.10.,2025-10-13,2025-10-17
Invisible Daily UV-Fluid LSF 50+,Nivea Sun,"€ 12,99",Kein vorheriger Preis,"€ 324,75 / l -",Details im Prospekt,Nein,13.10. - 17.10.,2025-10-13,2025-10-17
Collagen Bank Feuchtigkeitscreme,Neutrogena,"€ 10,49",Kein vorheriger Preis,"€ 209,80 / l -",Details im Prospekt,Nein,13.10. - 17.10.,2025-10-13,2025-10-17
Gusseiserner Bräter,Rossmann Ideen Welt,"€ 29,99",Kein vorheriger Preis,"€ 29,99 / Stk -",Details im Prospekt,Nein,13.10. - 17.10.,2025-10-13,2025-10-17
Leibniz Pick Up!,Bahlsen,"€ 1,49","€ 3,19","€ 0,30 / Stk -",5 Stück/140 g,Nein,13.10. - 17.10.,2025-10-13,2025-10-17
Schaumbad,Kneipp,"€ 3,39",Kein vorheriger Preis,"€ 8,47 / l -","HINWEIS: MIT ROSSMANN APP COUPON 2.72, Details im Prospekt",Nein,13.10. - 17.10.,2025-10-13,2025-10-17
Geschirrtücher,Rossmann Ideen Welt,"€ 4,99",Kein vorheriger Preis,"€ 2,50 / Stk -",Details im Prospekt,Nein,13.10. - 17.10.,2025-10-13,2025-10-17
Liquid Hydration Toner-Spray,Geek & Gorgeous,"€ 10,99",Kein vorheriger Preis,"€ 366,33 / l -",Details im Prospekt,Nein,13.10. - 17.10.,2025-10-13,2025-10-17
Geschirr-Reiniger Tabs XL-Sparpack,Domol,"€ 5,49",Kein vorheriger Preis,"€ 0,08 / Stk -",Details im Prospekt,Nein,13.10. - 17.10.,2025-10-13,2025-10-17
Anti-Falten Experte Feuchtigkeitspflege,L'Oréal Paris,"€ 3,79",Kein vorheriger Preis,"€ 75,80 / l -",Details im Prospekt,Nein,13.10. - 17.10.,2025-10-13,2025-10-17
Aftershave,Hattric,"€ 4,49",Kein vorheriger Preis,"€ 22,45 / l -",Details im Prospekt,Nein,13.10. - 17.10.,2025-10-13,2025-10-17
Flüssigseife Bio-Zitronengras Nachfüllbeutel,Alterra,"€ 1,79","€ 1,99","€ 3,58 / l -",Details im Prospekt,Nein,13.10. - 17.10.,2025-10-13,2025-10-17
Organizer,Rossmann Ideen Welt,"€ 6,99",Kein vorheriger Preis,"€ 6,99 / Stk -",Details im Prospekt,Nein,13.10. - 17.10.,2025-10-13,2025-10-17
Pflegende Handwaschseife,Dove,"€ 2,39",Kein vorheriger Preis,"€ 4,78 / l -",Details im Prospekt,Nein,13.10. - 17.10.,2025-10-13,2025-10-17
Pimple Patches,Wild Stripes,"€ 3,79",Kein vorheriger Preis,"€ 0,16 / Stk -",Details im Prospekt,Nein,13.10. - 17.10.,2025-10-13,2025-10-17
Farb- & Schmutzfangtücher,Domol,"€ 2,49",Kein vorheriger Preis,"€ 0,05 / Stk -",Details im Prospekt,Nein,13.10. - 17.10.,2025-10-13,2025-10-17
Melatonin Einschlaf-Spray,Kneipp,"€ 5,99",Kein vorheriger Preis,"€ 5,99 / Stk -",Details im Prospekt,Nein,13.10. - 17.10.,2025-10-13,2025-10-17
Handcreme Unparfümiert,Neutrogena,"€ 2,79",Kein vorheriger Preis,"€ 2,79 / Stk -",Details im Prospekt,Nein,13.10. - 17.10.,2025-10-13,2025-10-17
Intuition Complete Rasierklingen,Wilkinson Sword,"€ 10,99",Kein vorheriger Preis,"€ 2,75 / Stk -",Details im Prospekt,Nein,13.10. - 17.10.,2025-10-13,2025-10-17
Backpapier-Rolle,Rubin,"€ 1,33",Kein vorheriger Preis,"€ 1,33 / Stk -",Details im Prospekt,Nein,13.10. - 17.10.,2025-10-13,2025-10-17
Mach3 Start Rasierklingen,Gillette,"€ 34,99",Kein vorheriger Preis,"€ 1,75 / Stk -",Details im Prospekt,Nein,13.10. - 17.10.,2025-10-13,2025-10-17
Allzweckbeutel,Rubin,"€ 0,59",Kein vorheriger Preis,"€ 0,59 / Stk -",Details im Prospekt,Nein,13.10. - 17.10.,2025-10-13,2025-10-17
Brotmesser,Rossmann Ideen Welt,"€ 8,99",Kein vorheriger Preis,"€ 8,99 / Stk -",Details im Prospekt,Nein,13.10. - 17.10.,2025-10-13,2025-10-17
Hoch Tief Zahnbürste,Dr. Best,"€ 3,49",Kein vorheriger Preis,"€ 3,49 / Stk -",Details im Prospekt,Nein,13.10. - 17.10.,2025-10-13,2025-10-17
Katzen Feine Pastete,Winston,"€ 0,25","€ 0,30","€ 2,50 / kg -",oder Pastete & Häppchen je 100 g,Nein,13.10. - 17.10.,2025-10-13,2025-10-17
Elektrische Zahnbürste Sonicare 2100,Philips,"€ 32,99",Kein vorheriger Preis,"€ 32,99 / Stk -",Details im Prospekt,Nein,13.10. - 17.10.,2025-10-13,2025-10-17
Salatschleuder,Rossmann Ideen Welt,"€ 6,99",Kein vorheriger Preis,"€ 6,99 / Stk -",Details im Prospekt,Nein,13.10. - 17.10.,2025-10-13,2025-10-17
Mundspülung Anti Karies,Prokudent,"€ 0,89",Kein vorheriger Preis,"€ 1,78 / l -",Details im Prospekt,Nein,13.10. - 17.10.,2025-10-13,2025-10-17
Aronal & Elmex Doppelschutz,Elmex,"€ 5,99",Kein vorheriger Preis,"€ 39,93 / l -",Details im Prospekt,Nein,13.10. - 17.10.,2025-10-13,2025-10-17
Katzenfutter,Sheba,"€ 4,99",Kein vorheriger Preis,"€ 4,89 / kg -","12 x 85 g oder Perfect Fit Katze Trocken- nahrung 1,4 kg oder Whiskas Katze Trocken­ nahrung 1,9 kg",Nein,13.10. - 17.10.,2025-10-13,2025-10-17
Akku-Pilzleuchte,Rossmann Ideen Welt,"€ 7,99",Kein vorheriger Preis,"€ 7,99 / Stk -",Details im Prospekt,Nein,13.10. - 17.10.,2025-10-13,2025-10-17
Elektrischer Dosenöffner,Rossmann Ideen Welt,"€ 9,99",Kein vorheriger Preis,"€ 9,99 / Stk -",Details im Prospekt,Nein,13.10. - 17.10.,2025-10-13,2025-10-17
Adventskalender Galupy Einhorn,Craze,"€ 19,99","€ 29,99","€ 19,99 / Stk -",Details im Prospekt,Nein,13.10. - 17.10.,2025-10-13,2025-10-17
Mini Waffeleisen,Rossmann Ideen Welt,"€ 9,99",Kein vorheriger Preis,"€ 9,99 / Stk -",Details im Prospekt,Nein,13.10. - 17.10.,2025-10-13,2025-10-17
Total Care Mundspülung,Listerine,"€ 4,49",Kein vorheriger Preis,"€ 8,98 / l -",Details im Prospekt,Nein,13.10. - 17.10.,2025-10-13,2025-10-17
Zitruspresse,Rossmann Ideen Welt,"€ 4,99",Kein vorheriger Preis,"€ 4,99 / Stk -",Details im Prospekt,Nein,13.10. - 17.10.,2025-10-13,2025-10-17
Haftcreme,Kukident,"€ 2,39",Kein vorheriger Preis,"€ 59,75 / kg -",Details im Prospekt,Nein,13.10. - 17.10.,2025-10-13,2025-10-17
Herbstgesteck,Rossmann Ideen Welt,"€ 6,99",Kein vorheriger Preis,"€ 6,99 / Stk -",Details im Prospekt,Nein,13.10. - 17.10.,2025-10-13,2025-10-17
Winter-Gartenhandschuhe,Rossmann Ideen Welt,"€ 4,99",Kein vorheriger Preis,"€ 4,99 / Stk -",Details im Prospekt,Nein,13.10. - 17.10.,2025-10-13,2025-10-17
Chipsfrisch,Funny Frisch,"€ 1,29","€ 1,99","€ 8,60 / kg -",150 g oder Ofen Chips 125 g,Nein,13.10. - 17.10.,2025-10-13,2025-10-17
Oral-B Elektrische Zahnbürste iO Series 2,Braun,"€ 49,99",Kein vorheriger Preis,"€ 49,99 / Stk -","HINWEIS: MIT ROSSMANN APP COUPON 39.99, Details im Prospekt",Nein,13.10. - 17.10.,2025-10-13,2025-10-17
Tuchmaske,Selfie Project,"€ 1,79",Kein vorheriger Preis,"€ 1,79 / Stk -",Details im Prospekt,Nein,13.10. - 17.10.,2025-10-13,2025-10-17
Damen Formleggings,Rossmann Ideen Welt,"€ 8,99",Kein vorheriger Preis,"€ 8,99 / Stk -",Details im Prospekt,Nein,13.10. - 17.10.,2025-10-13,2025-10-17
Adventskalender,Baby Born,"€ 29,99","€ 39,99","€ 29,99 / Stk -",Details im Prospekt,Nein,13.10. - 17.10.,2025-10-13,2025-10-17
Adventskalender Pokémon,Keine Marke,"€ 49,99","€ 59,99","€ 49,99 / Stk -",Details im Prospekt,Nein,13.10. - 17.10.,2025-10-13,2025-10-17
Pour Femme EdP,Etienne Aigner,"€ 22,99","€ 65,95","€ 383,17 / l -",Details im Prospekt,Nein,13.10. - 17.10.,2025-10-13,2025-10-17
Beverly Hills EdT,Giorgio,"€ 12,99","€ 29,95","€ 433,00 / l -",Details im Prospekt,Nein,13.10. - 17.10.,2025-10-13,2025-10-17
Tagescreme Hyaluron Intense LSF 30,Isana,"€ 5,49",Kein vorheriger Preis,"€ 109,80 / l -","HINWEIS: MIT ROSSMANN APP COUPON 4.40, Details im Prospekt",Nein,13.10. - 17.10.,2025-10-13,2025-10-17
Love Fragrance Mist,Guess,"€ 7,49","€ 10,95","€ 29,96 / l -",Details im Prospekt,Nein,13.10. - 17.10.,2025-10-13,2025-10-17
MyMochi Beauty Adventskalender,Nici,"€ 17,99","€ 24,99","€ 17,99 / Stk -",Details im Prospekt,Nein,13.10. - 17.10.,2025-10-13,2025-10-17
Roma EdT,Laura Biagiotti,"€ 22,99","€ 32,45","€ 919,60 / l -",Details im Prospekt,Nein,13.10. - 17.10.,2025-10-13,2025-10-17
SOS Spezial Wundschutz Creme,Bübchen,"€ 1,65",Kein vorheriger Preis,"€ 22,00 / l -",Details im Prospekt,Nein,13.10. - 17.10.,2025-10-13,2025-10-17
Adventskalender 2025 Minecraft 21280,LEGO,"€ 25,99","€ 34,99","€ 25,99 / Stk -",Details im Prospekt,Nein,13.10. - 17.10.,2025-10-13,2025-10-17
All about Eve EdP,Joop!,"€ 21,99",Kein vorheriger Preis,"€ 549,75 / l -",Details im Prospekt,Nein,13.10. - 17.10.,2025-10-13,2025-10-17
Not For Everybody Woman EdT,Bruno Banani,"€ 18,99",Kein vorheriger Preis,"€ 189,90 / l -",Details im Prospekt,Nein,13.10. - 17.10.,2025-10-13,2025-10-17
Man EdT,Mustang,"€ 9,99",Kein vorheriger Preis,"€ 199,80 / l -",Details im Prospekt,Nein,13.10. - 17.10.,2025-10-13,2025-10-17
Kurfestiger,Gard,"€ 1,99",Kein vorheriger Preis,"€ 9,05 / l -",Details im Prospekt,Nein,13.10. - 17.10.,2025-10-13,2025-10-17
Mini EdP,Ulric de Varens,"€ 3,49",Kein vorheriger Preis,"€ 139,60 / l -",Details im Prospekt,Nein,13.10. - 17.10.,2025-10-13,2025-10-17
Homme EdT,Joop!,"€ 39,99",Kein vorheriger Preis,"€ 319,92 / l -",Details im Prospekt,Nein,13.10. - 17.10.,2025-10-13,2025-10-17
Adventskalender Pokémon,Keine Marke,"€ 27,99","€ 34,99","€ 27,99 / Stk -",Details im Prospekt,Nein,13.10. - 17.10.,2025-10-13,2025-10-17
1881 After Shave,Cerruti,"€ 19,99","€ 32,95","€ 199,90 / l -",Details im Prospekt,Nein,13.10. - 17.10.,2025-10-13,2025-10-17
CR7 EdT,Cristiano Ronaldo,"€ 14,99",Kein vorheriger Preis,"€ 499,67 / l -",Details im Prospekt,Nein,13.10. - 17.10.,2025-10-13,2025-10-17
Exit Das Spiel Adventskalender 2025,Kosmos,"€ 22,99","€ 29,99","€ 22,99 / Stk -",Details im Prospekt,Nein,13.10. - 17.10.,2025-10-13,2025-10-17
Blue Emotion After Shave,Etienne Aigner,"€ 13,99","€ 43,95","€ 139,90 / l -",Details im Prospekt,Nein,13.10. - 17.10.,2025-10-13,2025-10-17
Bade- & Duschgel,Etienne Aigner,"€ 6,99","€ 34,95","€ 13,98 / l -",Details im Prospekt,Nein,13.10. - 17.10.,2025-10-13,2025-10-17
Haarmaske,Herbal Essences,"€ 3,99",Kein vorheriger Preis,"€ 13,30 / l -",Details im Prospekt,Nein,13.10. - 17.10.,2025-10-13,2025-10-17
Wohlfühlkalender,Pukka,"€ 11,99",Kein vorheriger Preis,"€ 0,50 / Stk -","HINWEIS: MIT ROSSMANN APP COUPON 9.60, 24 Bio-Tees/39,6 g",Nein,13.10. - 17.10.,2025-10-13,2025-10-17
Waschmaschinen Hygiene-Reiniger,Dr. Beckmann,"€ 2,49",Kein vorheriger Preis,"€ 9,96 / kg -",Details im Prospekt,Nein,13.10. - 17.10.,2025-10-13,2025-10-17
Nutrisse Ultra Creme,Garnier,"€ 3,79",Kein vorheriger Preis,"€ 3,79 / Stk -",Details im Prospekt,Nein,13.10. - 17.10.,2025-10-13,2025-10-17
Creme Supreme Coloration,Schwarzkopf,"€ 8,95",Kein vorheriger Preis,"€ 8,95 / Stk -",Details im Prospekt,Nein,13.10. - 17.10.,2025-10-13,2025-10-17
Vorwaschspray,Vanish,"€ 4,79",Kein vorheriger Preis,"€ 6,39 / l -",Details im Prospekt,Nein,13.10. - 17.10.,2025-10-13,2025-10-17
Active Fresh Nachfüller,Airwick,"€ 5,99",Kein vorheriger Preis,"€ 26,27 / l -",Details im Prospekt,Nein,13.10. - 17.10.,2025-10-13,2025-10-17
Perfume & Style Raumduft,Domol,"€ 1,99",Kein vorheriger Preis,"€ 39,80 / l -",Details im Prospekt,Nein,13.10. - 17.10.,2025-10-13,2025-10-17
Automatic Spray Duopack,Glade (by Brise),"€ 6,49",Kein vorheriger Preis,"€ 12,06 / l -",Details im Prospekt,Nein,13.10. - 17.10.,2025-10-13,2025-10-17
Rioja CVC Tempranillo,Standpunkt,"€ 5,99",Kein vorheriger Preis,"€ 7,99 / l -","0,75 Liter",Nein,13.10. - 17.10.,2025-10-13,2025-10-17
Syrah & Garnacha,Alas del Real,"€ 1,99",Kein vorheriger Preis,"€ 5,31 / l -","0,375 Liter",Nein,13.10. - 17.10.,2025-10-13,2025-10-17
Creme,Nivea,"€ 3,49",Kein vorheriger Preis,"€ 13,96 / l -",Details im Prospekt,Nein,13.10. - 17.10.,2025-10-13,2025-10-17
Flüssig Waschmittel,Ariel,"€ 4,99",Kein vorheriger Preis,"€ 0,25 / Stk -",Details im Prospekt,Nein,13.10. - 17.10.,2025-10-13,2025-10-17
Instant Creatin Sticks,Wellmix Sport,"€ 4,99","€ 5,99","€ 48,92 / kg -",102 g,Nein,13.10. - 17.10.,2025-10-13,2025-10-17
Protein Bar Deluxe,KoRo,"€ 1,99",Kein vorheriger Preis,"€ 36,18 / kg -",55 g,Nein,13.10. - 17.10.,2025-10-13,2025-10-17
Riegel,Clif Bar,"€ 1,89",Kein vorheriger Preis,"€ 32,59 / kg -",68 g,Nein,13.10. - 17.10.,2025-10-13,2025-10-17
Wäscheparfüm,Lenor,"€ 3,49",Kein vorheriger Preis,"€ 22,52 / kg -",Details im Prospekt,Nein,13.10. - 17.10.,2025-10-13,2025-10-17
Derma Control Deospray,Nivea,"€ 2,49",Kein vorheriger Preis,"€ 16,60 / l -",Details im Prospekt,Nein,13.10. - 17.10.,2025-10-13,2025-10-17
Neapolitaner Waffeln,Manner,"€ 1,49","€ 2,29","€ 7,45 / kg -",200 g,Nein,13.10. - 17.10.,2025-10-13,2025-10-17
Popsocket Plant Core Grip Olive,Keine Marke,"€ 14,99",Kein vorheriger Preis,"€ 14,99 / Stk -",Details im Prospekt,Nein,13.10. - 17.10.,2025-10-13,2025-10-17
Protein-Riegel,Wellmix Sport,"€ 0,49","€ 0,59","€ 14,00 / kg -",35 g,Nein,13.10. - 17.10.,2025-10-13,2025-10-17
Waschmittel Gel,Spee,"€ 3,59",Kein vorheriger Preis,"€ 0,16 / Stk -",Details im Prospekt,Nein,13.10. - 17.10.,2025-10-13,2025-10-17
Dusche,Axe,"€ 2,49",Kein vorheriger Preis,"€ 9,96 / l -",Details im Prospekt,Nein,13.10. - 17.10.,2025-10-13,2025-10-17
Shampoo,Head & Shoulders,"€ 3,79",Kein vorheriger Preis,"€ 12,63 / l -",Details im Prospekt,Nein,13.10. - 17.10.,2025-10-13,2025-10-17
Duschöl,Isana,"€ 1,79",Kein vorheriger Preis,"€ 7,16 / l -",Details im Prospekt,Nein,13.10. - 17.10.,2025-10-13,2025-10-17
Dusche,Palmolive,"€ 0,99",Kein vorheriger Preis,"€ 3,96 / l -",Details im Prospekt,Nein,13.10. - 17.10.,2025-10-13,2025-10-17
Anti-Age Retinol Boost Tagescreme,Neutrogena,"€ 13,99",Kein vorheriger Preis,"€ 279,80 / l -",Details im Prospekt,Nein,13.10. - 17.10.,2025-10-13,2025-10-17
"Seifenfreies Duschgel pH 5,5",Isana Med,"€ 0,89",Kein vorheriger Preis,"€ 3,56 / l -",Details im Prospekt,Nein,13.10. - 17.10.,2025-10-13,2025-10-17
One Blade Rasierapparat 360 Grad,Philips,"€ 29,99",Kein vorheriger Preis,"€ 29,99 / Stk -",Details im Prospekt,Nein,13.10. - 17.10.,2025-10-13,2025-10-17
Dusche,Dove,"€ 2,29",Kein vorheriger Preis,"€ 9,16 / l -",Details im Prospekt,Nein,13.10. - 17.10.,2025-10-13,2025-10-17
Frizz Ease Haarspray,John Frieda,"€ 7,99",Kein vorheriger Preis,"€ 19,97 / l -",Details im Prospekt,Nein,13.10. - 17.10.,2025-10-13,2025-10-17
Hitschies Original Mix,Nestlé,"€ 1,19","€ 1,69","€ 9,52 / kg -",125/150 g,Nein,13.10. - 17.10.,2025-10-13,2025-10-17
Seife im Spender,Isana,"€ 0,65",Kein vorheriger Preis,"€ 1,30 / l -",Details im Prospekt,Nein,13.10. - 17.10.,2025-10-13,2025-10-17
Nasstaschen,Rossmann Ideen Welt,"€ 15,99","€ 19,99","€ 15,99 / Stk -",Details im Prospekt,Nein,13.10. - 17.10.,2025-10-13,2025-10-17
Isolierkanne,Rossmann Ideen Welt,"€ 9,99",Kein vorheriger Preis,"€ 9,99 / Stk -",Details im Prospekt,Nein,13.10. - 17.10.,2025-10-13,2025-10-17
Mikrowellengeschirr,Rossmann Ideen Welt,"€ 7,99",Kein vorheriger Preis,"€ 4,00 / Stk -",Details im Prospekt,Nein,13.10. - 17.10.,2025-10-13,2025-10-17
Hydro5 Hydrating Gel Rasierklingen,Wilkinson Sword,"€ 20,99",Kein vorheriger Preis,"€ 1,75 / Stk -",Details im Prospekt,Nein,13.10. - 17.10.,2025-10-13,2025-10-17
Fußmaske Expert Care Intensiv,Scholl,"€ 3,29",Kein vorheriger Preis,"€ 3,29 / Stk -",Details im Prospekt,Nein,13.10. - 17.10.,2025-10-13,2025-10-17
Brotbox,Rossmann Ideen Welt,"€ 9,99",Kein vorheriger Preis,"€ 9,99 / Stk -",Details im Prospekt,Nein,13.10. - 17.10.,2025-10-13,2025-10-17
Topfdeckelhalter,Rossmann Ideen Welt,"€ 4,99",Kein vorheriger Preis,"€ 4,99 / Stk -",Details im Prospekt,Nein,13.10. - 17.10.,2025-10-13,2025-10-17
Zahncreme Sensation White,Colgate,"€ 1,69",Kein vorheriger Preis,"€ 22,53 / l -",Details im Prospekt,Nein,13.10. - 17.10.,2025-10-13,2025-10-17
Katzennahrung Fresh & Fine,Sheba,"€ 1,99",Kein vorheriger Preis,"€ 6,63 / kg -",oder Perfect Fit Katze Natural Vitality je 6 x 50 g oder Sheba Katze Soup 4 x 40 g,Nein,13.10. - 17.10.,2025-10-13,2025-10-17
Wattepads,Demak Up,"€ 1,11",Kein vorheriger Preis,"€ 0,02 / Stk -",Details im Prospekt,Nein,13.10. - 17.10.,2025-10-13,2025-10-17
Küchenrollenhalter,Rossmann Ideen Welt,"€ 3,99",Kein vorheriger Preis,"€ 3,99 / Stk -",Details im Prospekt,Nein,13.10. - 17.10.,2025-10-13,2025-10-17
Kaffeepads,Laudatio,"€ 1,79","€ 1,99","€ 15,98 / kg -",16 Stück/112 g,Nein,13.10. - 17.10.,2025-10-13,2025-10-17
Akku-Unterbauleuchten,Rossmann Ideen Welt,"€ 9,99",Kein vorheriger Preis,"€ 5,00 / Stk -",Details im Prospekt,Nein,13.10. - 17.10.,2025-10-13,2025-10-17
Horse Club Adventskalender,Schleich,"€ 19,99",Kein vorheriger Preis,"€ 19,99 / Stk -",Details im Prospekt,Nein,13.10. - 17.10.,2025-10-13,2025-10-17
B12 Kur Vita-Energy hochdosiert,Altapharma,"€ 5,99",Kein vorheriger Preis,"€ 59,90 / l -",Details im Prospekt,Nein,13.10. - 17.10.,2025-10-13,2025-10-17
Sandwichtoaster,Rossmann Ideen Welt,"€ 11,99","€ 14,99","€ 11,99 / Stk -",Details im Prospekt,Nein,13.10. - 17.10.,2025-10-13,2025-10-17
Shampoo,Nivea,"€ 2,49",Kein vorheriger Preis,"€ 9,96 / l -",Details im Prospekt,Nein,13.10. - 17.10.,2025-10-13,2025-10-17
Mundspülung,CB12,"€ 14,49",Kein vorheriger Preis,"€ 28,98 / l -",Details im Prospekt,Nein,13.10. - 17.10.,2025-10-13,2025-10-17
Universalöffner,Rossmann Ideen Welt,"€ 4,99",Kein vorheriger Preis,"€ 4,99 / Stk -",Details im Prospekt,Nein,13.10. - 17.10.,2025-10-13,2025-10-17
Oral-B Aufsteckzahnbürste iO Series,Braun,"€ 27,99",Kein vorheriger Preis,"€ 27,99 / Stk -",Details im Prospekt,Nein,13.10. - 17.10.,2025-10-13,2025-10-17
Katze Nature Pastete,Winston,"€ 0,99",Kein vorheriger Preis,"€ 2,47 / kg -",400 g oder Winston Feine Würstchen 50 g,Nein,13.10. - 17.10.,2025-10-13,2025-10-17
Kosmetiktücher,Alouette,"€ 0,79",Kein vorheriger Preis,"€ 0,01 / Stk -",Details im Prospekt,Nein,13.10. - 17.10.,2025-10-13,2025-10-17
Halloween Solar-Figur,Rossmann Ideen Welt,"€ 2,99",Kein vorheriger Preis,"€ 2,99 / Stk -",Details im Prospekt,Nein,13.10. - 17.10.,2025-10-13,2025-10-17
Küchentücher XXL-Pack,Alouette,"€ 4,95",Kein vorheriger Preis,"€ 0,62 / Stk -",Details im Prospekt,Nein,13.10. - 17.10.,2025-10-13,2025-10-17
Garten Knieschoner 2er-Set,Rossmann Ideen Welt,"€ 7,99",Kein vorheriger Preis,"€ 4,00 / Stk -",Details im Prospekt,Nein,13.10. - 17.10.,2025-10-13,2025-10-17
Thermo-Jeans,Rossmann Ideen Welt,"€ 16,99",Kein vorheriger Preis,"€ 16,99 / Stk -",Details im Prospekt,Nein,13.10. - 17.10.,2025-10-13,2025-10-17
Adventskalender 2025 City 60475,LEGO,"€ 19,99","€ 26,99","€ 19,99 / Stk -",Details im Prospekt,Nein,13.10. - 17.10.,2025-10-13,2025-10-17
Man EdP,Hackett,"€ 29,99","€ 34,95","€ 599,80 / l -",Details im Prospekt,Nein,13.10. - 17.10.,2025-10-13,2025-10-17
My Little World Öko-Windeln,Babydream,"€ 4,99",Kein vorheriger Preis,"€ 0,21 / Stk -",Details im Prospekt,Nein,13.10. - 17.10.,2025-10-13,2025-10-17
Black EdT,Baldessarini,"€ 22,99","€ 39,95","€ 459,80 / l -",Details im Prospekt,Nein,13.10. - 17.10.,2025-10-13,2025-10-17
Homme EdT,Iceberg,"€ 12,99","€ 26,45","€ 129,90 / l -",Details im Prospekt,Nein,13.10. - 17.10.,2025-10-13,2025-10-17
Got2b Gel-Kleber,Schwarzkopf,"€ 4,49",Kein vorheriger Preis,"€ 29,93 / l -",Details im Prospekt,Nein,13.10. - 17.10.,2025-10-13,2025-10-17
Herrenduft Euphoria,Calvin Klein,"€ 54,99",Kein vorheriger Preis,"€ 1.099,80 / l -",Details im Prospekt,Nein,13.10. - 17.10.,2025-10-13,2025-10-17
Haarspray,Nivea,"€ 2,99",Kein vorheriger Preis,"€ 11,96 / l -",Details im Prospekt,Nein,13.10. - 17.10.,2025-10-13,2025-10-17
Edel-Nuss-Mix,Genuss Plus,"€ 1,99","€ 2,29","€ 15,92 / kg -",125 g Gebrannte Mandeln oder Cashewkerne je 150 g,Nein,13.10. - 17.10.,2025-10-13,2025-10-17
Donna Karan Women EdP,DKNY,"€ 22,99","€ 37,95","€ 1.149,50 / l -",Details im Prospekt,Nein,13.10. - 17.10.,2025-10-13,2025-10-17
Cara Mia Ti Amo EdP,Etienne Aigner,"€ 21,99","€ 73,95","€ 219,90 / l -",Details im Prospekt,Nein,13.10. - 17.10.,2025-10-13,2025-10-17
Taft Hitzeschutz-Spray,Schwarzkopf,"€ 3,49",Kein vorheriger Preis,"€ 13,96 / l -","HINWEIS: MIT ROSSMANN APP COUPON 2.30, Details im Prospekt",Nein,13.10. - 17.10.,2025-10-13,2025-10-17
Bold Instinct EdP,David Beckham,"€ 14,49",Kein vorheriger Preis,"€ 289,80 / l -",Details im Prospekt,Nein,13.10. - 17.10.,2025-10-13,2025-10-17
Woman EdP,Tom Tailor,"€ 8,99",Kein vorheriger Preis,"€ 299,67 / l -",Details im Prospekt,Nein,13.10. - 17.10.,2025-10-13,2025-10-17
Amor Amor EdT,Cacharel,"€ 21,99","€ 29,95","€ 733,00 / l -",Details im Prospekt,Nein,13.10. - 17.10.,2025-10-13,2025-10-17
Classic After Shave,Lagerfeld,"€ 21,49","€ 32,95","€ 214,90 / l -",Details im Prospekt,Nein,13.10. - 17.10.,2025-10-13,2025-10-17
Cellular Epigenetics Serum,Nivea,"€ 29,95",Kein vorheriger Preis,"€ 29,95 / l -","HINWEIS: MIT ROSSMANN APP COUPON 23,96, Details im Prospekt",Nein,13.10. - 17.10.,2025-10-13,2025-10-17
For Her EdP,Helene Fischer,"€ 19,99","€ 24,95","€ 399,80 / l -",Details im Prospekt,Nein,13.10. - 17.10.,2025-10-13,2025-10-17
Waschmittel Flüssig,Coral,"€ 3,49",Kein vorheriger Preis,"€ 0,15 / Stk -",Details im Prospekt,Nein,13.10. - 17.10.,2025-10-13,2025-10-17
Rich Guy EdT,Police To Be,"€ 16,49",Kein vorheriger Preis,"€ 412,25 / l -","HINWEIS: MIT ROSSMANN APP COUPON 12.37, Details im Prospekt",Nein,13.10. - 17.10.,2025-10-13,2025-10-17
Perfect Mousse Schaum Coloration,Schwarzkopf,"€ 4,79",Kein vorheriger Preis,"€ 4,79 / Stk -",Details im Prospekt,Nein,13.10. - 17.10.,2025-10-13,2025-10-17
Hydro Booster Hyaluron Serum,Isana,"€ 1,99",Kein vorheriger Preis,"€ 66,33 / l -","HINWEIS: MIT ROSSMANN APP COUPON 1.60, Details im Prospekt",Nein,13.10. - 17.10.,2025-10-13,2025-10-17
Woman Villain EdP,Naomi Jon,"€ 13,99",Kein vorheriger Preis,"€ 279,80 / l -",Details im Prospekt,Nein,13.10. - 17.10.,2025-10-13,2025-10-17
